/*
 Navicat Premium Data Transfer

 Source Server         : mysql
 Source Server Type    : MySQL
 Source Server Version : 100427
 Source Host           : 127.0.0.1:3306
 Source Schema         : arcodesi_ledger

 Target Server Type    : MySQL
 Target Server Version : 100427
 File Encoding         : 65001

 Date: 15/04/2023 08:50:31
*/

SET NAMES utf8mb4;
SET FOREIGN_KEY_CHECKS = 0;

-- ----------------------------
-- Table structure for suppliers
-- ----------------------------
DROP TABLE IF EXISTS `suppliers`;
CREATE TABLE `suppliers`  (
  `id` bigint NOT NULL AUTO_INCREMENT,
  `name` text CHARACTER SET utf8 COLLATE utf8_general_ci NOT NULL,
  `beat` text CHARACTER SET utf8 COLLATE utf8_general_ci NOT NULL,
  `deleted` varchar(3) CHARACTER SET utf8 COLLATE utf8_general_ci NOT NULL DEFAULT 'N',
  `CustomerCode` varchar(20) CHARACTER SET utf8 COLLATE utf8_general_ci NULL DEFAULT NULL,
  PRIMARY KEY (`id`) USING BTREE
) ENGINE = InnoDB AUTO_INCREMENT = 752 CHARACTER SET = utf8 COLLATE = utf8_general_ci ROW_FORMAT = Dynamic;

-- ----------------------------
-- Records of suppliers
-- ----------------------------
INSERT INTO `suppliers` VALUES (1, 'Coastal hub', '', 'N', NULL);
INSERT INTO `suppliers` VALUES (2, 'ideal', '', 'Y', NULL);
INSERT INTO `suppliers` VALUES (3, 'SLK', '', 'N', NULL);
INSERT INTO `suppliers` VALUES (4, 'RR Fruits', '', 'N', NULL);
INSERT INTO `suppliers` VALUES (5, 'Mahavishnu', '', 'N', NULL);
INSERT INTO `suppliers` VALUES (6, 'yatheesh', '', 'N', NULL);
INSERT INTO `suppliers` VALUES (7, 'Wine Gate', '', 'N', NULL);
INSERT INTO `suppliers` VALUES (8, 'Wine Gate New', 'Airport Road', 'N', NULL);
INSERT INTO `suppliers` VALUES (9, 'neela', 'shasi', 'N', NULL);
INSERT INTO `suppliers` VALUES (10, 'sks', '', 'N', NULL);
INSERT INTO `suppliers` VALUES (11, 'Supritha', 'Bejai', 'N', NULL);
INSERT INTO `suppliers` VALUES (12, 'Karnataka (KPT)', 'Bejai', 'N', NULL);
INSERT INTO `suppliers` VALUES (13, 'Adishakthi pro', 'Bejai', 'N', NULL);
INSERT INTO `suppliers` VALUES (14, 'Mamatha', 'Bejai', 'N', NULL);
INSERT INTO `suppliers` VALUES (15, 'Chilly Lemon', 'Bejai', 'N', NULL);
INSERT INTO `suppliers` VALUES (16, 'Kamath Refreshment', 'Bejai', 'N', NULL);
INSERT INTO `suppliers` VALUES (17, 'Wine N Spirits Y', '', 'N', NULL);
INSERT INTO `suppliers` VALUES (18, 'Pranam Bar', 'Bejai', 'N', NULL);
INSERT INTO `suppliers` VALUES (19, 'Vikas Clg', 'Bejai', 'N', NULL);
INSERT INTO `suppliers` VALUES (20, 'Trishna', 'Bejai', 'N', NULL);
INSERT INTO `suppliers` VALUES (21, 'VInu Bar', 'Bejai', 'N', NULL);
INSERT INTO `suppliers` VALUES (22, 'Vee. Vee', 'Bejai', 'N', NULL);
INSERT INTO `suppliers` VALUES (23, 'Ferns &amp; Martins', '', 'N', NULL);
INSERT INTO `suppliers` VALUES (24, 'Biriyani', 'Bejai', 'N', NULL);
INSERT INTO `suppliers` VALUES (25, 'Vishnu Naturals', 'Bejai', 'N', NULL);
INSERT INTO `suppliers` VALUES (26, 'Juice Romantic', 'Bejai', 'N', NULL);
INSERT INTO `suppliers` VALUES (27, 'Kadri Cafe', 'Bejai', 'N', NULL);
INSERT INTO `suppliers` VALUES (28, 'Shivasagar Veg', 'Bejai', 'N', NULL);
INSERT INTO `suppliers` VALUES (29, 'Grains', 'Bejai', 'N', NULL);
INSERT INTO `suppliers` VALUES (30, 'Good Day', 'Bejai', 'N', NULL);
INSERT INTO `suppliers` VALUES (31, 'Anchan Bar', 'Bejai', 'N', NULL);
INSERT INTO `suppliers` VALUES (32, 'Gopal', 'Bejai', 'N', NULL);
INSERT INTO `suppliers` VALUES (33, 'Penguin', 'Bejai', 'N', NULL);
INSERT INTO `suppliers` VALUES (34, 'Anand Bazar', 'Bejai', 'N', NULL);
INSERT INTO `suppliers` VALUES (35, 'Keerthi', 'Bejai', 'N', NULL);
INSERT INTO `suppliers` VALUES (36, 'Nambiar', 'Bejai', 'N', NULL);
INSERT INTO `suppliers` VALUES (37, 'YSM', 'Bejai', 'N', NULL);
INSERT INTO `suppliers` VALUES (38, 'Dolphin Bar', '', 'N', NULL);
INSERT INTO `suppliers` VALUES (39, 'Onyx', 'K S Rao', 'N', NULL);
INSERT INTO `suppliers` VALUES (40, 'Shetty Kori', 'K S Rao', 'N', NULL);
INSERT INTO `suppliers` VALUES (41, 'BA Stall', 'K S Rao', 'N', NULL);
INSERT INTO `suppliers` VALUES (42, 'SDM', 'K S Rao', 'N', NULL);
INSERT INTO `suppliers` VALUES (43, 'Durga Ent', 'K S Rao', 'N', NULL);
INSERT INTO `suppliers` VALUES (44, 'Sai Tudar', 'K S Rao', 'N', NULL);
INSERT INTO `suppliers` VALUES (45, 'Adishakthi', 'K S Rao', 'N', NULL);
INSERT INTO `suppliers` VALUES (46, 'Rampi', 'K S Rao', 'N', NULL);
INSERT INTO `suppliers` VALUES (47, 'Sri vari', 'K S Rao', 'N', NULL);
INSERT INTO `suppliers` VALUES (48, 'Jeevan Sweets', 'K S Rao', 'N', NULL);
INSERT INTO `suppliers` VALUES (49, 'City Arena', 'K S Rao', 'N', NULL);
INSERT INTO `suppliers` VALUES (50, 'Baliga Super', 'K S Rao', 'N', NULL);
INSERT INTO `suppliers` VALUES (51, 'Shanthi', 'K S Rao', 'N', NULL);
INSERT INTO `suppliers` VALUES (52, 'Mohtisham', 'K S Rao', 'N', NULL);
INSERT INTO `suppliers` VALUES (53, 'Chicking', 'K S Rao', 'N', NULL);
INSERT INTO `suppliers` VALUES (54, 'Parkway', 'K S Rao', 'N', NULL);
INSERT INTO `suppliers` VALUES (55, 'Ashirwad', 'K S Rao', 'N', NULL);
INSERT INTO `suppliers` VALUES (56, 'Cellar bar', 'K S Rao', 'N', NULL);
INSERT INTO `suppliers` VALUES (57, 'Varsha', 'K S Rao', 'N', NULL);
INSERT INTO `suppliers` VALUES (58, 'Panchakshari', 'K S Rao', 'N', NULL);
INSERT INTO `suppliers` VALUES (59, 'Nithi', 'K S Rao', 'N', NULL);
INSERT INTO `suppliers` VALUES (60, 'Bolar', 'K S Rao', 'N', NULL);
INSERT INTO `suppliers` VALUES (61, 'Nirmala', 'K S Rao', 'N', NULL);
INSERT INTO `suppliers` VALUES (62, 'Tammana', 'K S Rao', 'N', NULL);
INSERT INTO `suppliers` VALUES (63, 'Guruprasad', 'K S Rao', 'N', NULL);
INSERT INTO `suppliers` VALUES (64, 'Ocean Pearl', 'K S Rao', 'N', NULL);
INSERT INTO `suppliers` VALUES (65, 'Ganesh juice', 'K S Rao', 'N', NULL);
INSERT INTO `suppliers` VALUES (66, 'Arogya', 'K S Rao', 'N', NULL);
INSERT INTO `suppliers` VALUES (67, 'Bake N Shake', 'Bejai', 'N', NULL);
INSERT INTO `suppliers` VALUES (68, 'Soha', 'Bejai', 'N', NULL);
INSERT INTO `suppliers` VALUES (69, 'Margin Free', 'Bejai', 'N', NULL);
INSERT INTO `suppliers` VALUES (70, 'Ideal Shop', 'Bejai', 'N', NULL);
INSERT INTO `suppliers` VALUES (71, 'Fathima', 'Bejai', 'N', NULL);
INSERT INTO `suppliers` VALUES (72, 'Manjunath Juice', 'Bejai', 'N', NULL);
INSERT INTO `suppliers` VALUES (73, 'Guru Kripa', 'Bejai', 'N', NULL);
INSERT INTO `suppliers` VALUES (74, 'Bale Unka', 'Bejai', 'N', NULL);
INSERT INTO `suppliers` VALUES (75, 'Manjusha Juice', 'Bejai', 'N', NULL);
INSERT INTO `suppliers` VALUES (76, 'S L J Iyy', 'Bejai', 'N', NULL);
INSERT INTO `suppliers` VALUES (77, 'Kadalishree', 'Bejai', 'N', NULL);
INSERT INTO `suppliers` VALUES (78, 'Sanidhya', 'Bejai', 'N', NULL);
INSERT INTO `suppliers` VALUES (79, 'Dolphin Family', 'Bejai', 'N', NULL);
INSERT INTO `suppliers` VALUES (80, 'R S Ent', 'Bejai', 'N', NULL);
INSERT INTO `suppliers` VALUES (81, 'Kushi Sweets', 'K S Rao', 'N', NULL);
INSERT INTO `suppliers` VALUES (82, 'Andhra', 'K S Rao', 'N', NULL);
INSERT INTO `suppliers` VALUES (83, 'Jordanian', 'K S Rao', 'N', NULL);
INSERT INTO `suppliers` VALUES (84, 'Food Land', 'K S Rao', 'N', NULL);
INSERT INTO `suppliers` VALUES (85, 'Janatha Food Court', 'K S Rao', 'N', NULL);
INSERT INTO `suppliers` VALUES (86, 'Spindrift', 'K S Rao', 'N', NULL);
INSERT INTO `suppliers` VALUES (87, 'Nandini Roof', 'K S Rao', 'N', NULL);
INSERT INTO `suppliers` VALUES (88, 'K R Naik', 'K S Rao', 'N', NULL);
INSERT INTO `suppliers` VALUES (89, 'Family Mart', 'K S Rao', 'N', NULL);
INSERT INTO `suppliers` VALUES (90, 'Chaya Ent', 'K S Rao', 'N', NULL);
INSERT INTO `suppliers` VALUES (91, 'Deepa', 'k s rao', 'N', NULL);
INSERT INTO `suppliers` VALUES (92, 'shantha durga', 'k s rao', 'N', NULL);
INSERT INTO `suppliers` VALUES (93, 'Manohar', 'Bejai', 'N', NULL);
INSERT INTO `suppliers` VALUES (94, 'Madhuvan', 'Bejai', 'N', NULL);
INSERT INTO `suppliers` VALUES (95, 'Sun Royal', 'Bejai', 'N', NULL);
INSERT INTO `suppliers` VALUES (96, 'Kadri Super Bazar', '', 'N', NULL);
INSERT INTO `suppliers` VALUES (97, 'Dream World', 'Bejai', 'N', NULL);
INSERT INTO `suppliers` VALUES (98, 'Suchi Refreshment', 'Bejai', 'N', NULL);
INSERT INTO `suppliers` VALUES (99, 'Dreams Ent', 'Bejai', 'N', NULL);
INSERT INTO `suppliers` VALUES (100, 'Laxmi Gen Bejai', 'Bejai', 'N', NULL);
INSERT INTO `suppliers` VALUES (101, 'Venus', 'Bejai', 'N', NULL);
INSERT INTO `suppliers` VALUES (102, 'Jimmys S.Mart', 'Bejai', 'N', NULL);
INSERT INTO `suppliers` VALUES (103, 'Wine N Spirits Kadri', 'Bejai', 'N', NULL);
INSERT INTO `suppliers` VALUES (104, 'Vasanth STD', 'Bejai', 'N', NULL);
INSERT INTO `suppliers` VALUES (105, 'P V S', 'K S Rao', 'N', NULL);
INSERT INTO `suppliers` VALUES (106, 'Anchan Bakery', 'K S Rao', 'N', NULL);
INSERT INTO `suppliers` VALUES (107, 'Megha Bar', 'K S Rao', 'N', NULL);
INSERT INTO `suppliers` VALUES (108, 'ICY TREAT', 'K S Rao', 'N', NULL);
INSERT INTO `suppliers` VALUES (109, 'Dinky dine', 'Bejai', 'N', NULL);
INSERT INTO `suppliers` VALUES (110, 'Nandana', 'Bejai', 'N', NULL);
INSERT INTO `suppliers` VALUES (111, 'Friends snooker', 'Bejai', 'N', NULL);
INSERT INTO `suppliers` VALUES (112, 'Bhagavathi', 'Bejai', 'Y', NULL);
INSERT INTO `suppliers` VALUES (113, 'Mandara', 'Bejai', 'N', NULL);
INSERT INTO `suppliers` VALUES (114, 'vinu', '', 'N', NULL);
INSERT INTO `suppliers` VALUES (115, 'cheffs', 'Bejai', 'N', NULL);
INSERT INTO `suppliers` VALUES (116, 'Andra', 'k s rao', 'N', NULL);
INSERT INTO `suppliers` VALUES (117, 'Rasoi', 'k s rao', 'N', NULL);
INSERT INTO `suppliers` VALUES (118, 'Srujan', 'k s rao', 'N', NULL);
INSERT INTO `suppliers` VALUES (119, 'Samrudhi', 'k s rao', 'N', NULL);
INSERT INTO `suppliers` VALUES (120, 'Winegate new2', 'Surthkal', 'N', NULL);
INSERT INTO `suppliers` VALUES (121, 'winegate new3', 'surthkal', 'N', NULL);
INSERT INTO `suppliers` VALUES (122, 'winegate new4', 'Bajpe', 'N', NULL);
INSERT INTO `suppliers` VALUES (123, 'winegate new5', 'Bajpe', 'N', NULL);
INSERT INTO `suppliers` VALUES (124, 'Ko cafe', 'k s rao', 'N', NULL);
INSERT INTO `suppliers` VALUES (125, 'sri devi college', 'k s rao', 'N', NULL);
INSERT INTO `suppliers` VALUES (126, 'wine n spirit chilimbi', 'k s rao', 'N', NULL);
INSERT INTO `suppliers` VALUES (127, 'EAT N SIP', 'K S RAO', 'N', NULL);
INSERT INTO `suppliers` VALUES (128, 'Durga canteen', 'K S RAO', 'N', NULL);
INSERT INTO `suppliers` VALUES (129, 'kanchi', 'K S RAO', 'N', NULL);
INSERT INTO `suppliers` VALUES (130, 'sudhendra', 'K S RAO', 'N', NULL);
INSERT INTO `suppliers` VALUES (131, 'chavadi', 'K S RAO', 'N', NULL);
INSERT INTO `suppliers` VALUES (132, 'suresh wine', 'K S RAO', 'N', NULL);
INSERT INTO `suppliers` VALUES (133, 'B A', 'K S RAO', 'N', NULL);
INSERT INTO `suppliers` VALUES (134, 'P P L', 'K S RAO', 'N', NULL);
INSERT INTO `suppliers` VALUES (135, 'Taranath store', 'K S RAO', 'N', NULL);
INSERT INTO `suppliers` VALUES (136, 'Anegundi', 'K S RAO', 'N', NULL);
INSERT INTO `suppliers` VALUES (137, 'Vaibhav', 'K S RAO', 'N', NULL);
INSERT INTO `suppliers` VALUES (138, 'Baliga gen', 'K S RAO', 'N', NULL);
INSERT INTO `suppliers` VALUES (139, 'Baghavathi store', 'k s rao', 'N', NULL);
INSERT INTO `suppliers` VALUES (140, 'shree krishna', 'k s rao', 'N', NULL);
INSERT INTO `suppliers` VALUES (141, 'Mahalasa gen', 'Bejai', 'N', NULL);
INSERT INTO `suppliers` VALUES (142, 'A J', 'Bejai', 'N', NULL);
INSERT INTO `suppliers` VALUES (143, 'Dinesh kamath', 'Bejai', 'N', NULL);
INSERT INTO `suppliers` VALUES (144, 'Vas and Sons', 'Bejai', 'N', NULL);
INSERT INTO `suppliers` VALUES (145, 'kanara club', 'Bejai', 'N', NULL);
INSERT INTO `suppliers` VALUES (146, 'Martyn hyper', 'Bejai', 'N', NULL);
INSERT INTO `suppliers` VALUES (147, 'Padmanabha', 'Bejai', 'N', NULL);
INSERT INTO `suppliers` VALUES (148, 'Vigneshwara', 'Bejai', 'N', NULL);
INSERT INTO `suppliers` VALUES (149, 'Manjushree', 'Bejai', 'N', NULL);
INSERT INTO `suppliers` VALUES (150, 'Hot Tiffin', 'Bejai', 'N', NULL);
INSERT INTO `suppliers` VALUES (151, 'Prashanth', 'Bejai', 'N', NULL);
INSERT INTO `suppliers` VALUES (152, 'crystal', 'Bejai', 'N', NULL);
INSERT INTO `suppliers` VALUES (153, 'Mathrushree', 'Bejai', 'N', NULL);
INSERT INTO `suppliers` VALUES (154, 'Prathvish', 'Bejai', 'N', NULL);
INSERT INTO `suppliers` VALUES (155, 'Ashok raj', 'Bejai', 'N', NULL);
INSERT INTO `suppliers` VALUES (156, 'Iyy bikarnakatte', 'Bejai', 'N', NULL);
INSERT INTO `suppliers` VALUES (157, 'Bangalore Iyy Bejai', 'Bejai', 'N', NULL);
INSERT INTO `suppliers` VALUES (158, 'S K TRADERS', 'Bejai', 'N', NULL);
INSERT INTO `suppliers` VALUES (159, 'Wine N spiritz bejai', 'Bejai', 'N', NULL);
INSERT INTO `suppliers` VALUES (160, 'Gokul mp', 'Bejai', 'N', NULL);
INSERT INTO `suppliers` VALUES (161, 'NIDHI', 'K S RAO', 'N', NULL);
INSERT INTO `suppliers` VALUES (162, 'HALLI MANE', 'K S RAO', 'N', NULL);
INSERT INTO `suppliers` VALUES (163, 'KOMALS', 'K S RAO', 'N', NULL);
INSERT INTO `suppliers` VALUES (164, 'PRASHANTH K S RAO', 'K S RAO', 'N', NULL);
INSERT INTO `suppliers` VALUES (165, 'Tandoor', 'k s rao', 'N', NULL);
INSERT INTO `suppliers` VALUES (166, 'prabhu shopee', 'k s rao', 'N', NULL);
INSERT INTO `suppliers` VALUES (167, 'ghee rice', 'k s rao', 'N', NULL);
INSERT INTO `suppliers` VALUES (168, 'Madhura', 'k s rao', 'N', NULL);
INSERT INTO `suppliers` VALUES (169, 'Devendra', 'k s rao', 'N', NULL);
INSERT INTO `suppliers` VALUES (170, 'Mayuri', 'k s rao', 'N', NULL);
INSERT INTO `suppliers` VALUES (171, 'HI SPIRITS BENDOOR BAIL', 'Bejai', 'N', NULL);
INSERT INTO `suppliers` VALUES (172, 'PRABHU SWEETS', 'Bejai', 'N', NULL);
INSERT INTO `suppliers` VALUES (173, 'CAFFEINE HUB', 'Bejai', 'N', NULL);
INSERT INTO `suppliers` VALUES (174, 'WALK IN BAKERY', 'Bejai', 'N', NULL);
INSERT INTO `suppliers` VALUES (175, 'BAGAVATHI STORE BEJAI', 'Bejai', 'N', NULL);
INSERT INTO `suppliers` VALUES (176, 'TRISHIKA ENT', 'BEJAI', 'N', NULL);
INSERT INTO `suppliers` VALUES (177, 'VIJITH', 'BEJAI', 'N', NULL);
INSERT INTO `suppliers` VALUES (178, 'ARIHANTHA', 'BEJAI', 'N', NULL);
INSERT INTO `suppliers` VALUES (179, 'OM BEJAI', 'Bejai', 'N', NULL);
INSERT INTO `suppliers` VALUES (180, 'COURT CANTEEN', 'K S RAO', 'N', NULL);
INSERT INTO `suppliers` VALUES (181, 'MAMMAS', 'K S RAO', 'N', NULL);
INSERT INTO `suppliers` VALUES (182, 'Tirumala', 'Bejai', 'N', NULL);
INSERT INTO `suppliers` VALUES (183, 'New Star', 'Baikampady', 'N', NULL);
INSERT INTO `suppliers` VALUES (184, 'vailankanni', 'Baikampady', 'N', NULL);
INSERT INTO `suppliers` VALUES (185, 'yamuna', 'Baikampady', 'N', NULL);
INSERT INTO `suppliers` VALUES (186, 'katipalla iyyangar', 'Baikampady', 'N', NULL);
INSERT INTO `suppliers` VALUES (187, 'prakash beach', 'Baikampady', 'N', NULL);
INSERT INTO `suppliers` VALUES (188, 'civic', 'Baikampady', 'N', NULL);
INSERT INTO `suppliers` VALUES (189, 'Tea Stall', 'Baikampady', 'N', NULL);
INSERT INTO `suppliers` VALUES (190, 'Bombay Bk', 'Baikampady', 'N', NULL);
INSERT INTO `suppliers` VALUES (191, 'Sri Sai', 'Baikampady', 'N', NULL);
INSERT INTO `suppliers` VALUES (192, 'Vamshika', 'Baikampady', 'N', NULL);
INSERT INTO `suppliers` VALUES (193, 'Gajanana', 'Baikampady', 'N', NULL);
INSERT INTO `suppliers` VALUES (194, 'SLV', 'Baikampady', 'N', NULL);
INSERT INTO `suppliers` VALUES (195, 'Tara Bar', 'Baikampady', 'N', NULL);
INSERT INTO `suppliers` VALUES (196, 'Horizon', 'Baikampady', 'N', NULL);
INSERT INTO `suppliers` VALUES (197, 'Kullagana', 'Baikampady', 'Y', NULL);
INSERT INTO `suppliers` VALUES (198, 'S K Marine', 'Baikampady', 'N', NULL);
INSERT INTO `suppliers` VALUES (199, 'M K', 'Baikampady', 'N', NULL);
INSERT INTO `suppliers` VALUES (200, 'Benaka', 'Baikampady', 'N', NULL);
INSERT INTO `suppliers` VALUES (201, 'Chamundeshwari', 'Baikampady', 'N', NULL);
INSERT INTO `suppliers` VALUES (202, 'Santhosh Bar', 'Baikampady', 'N', NULL);
INSERT INTO `suppliers` VALUES (203, 'HotPot', 'Baikampady', 'N', NULL);
INSERT INTO `suppliers` VALUES (204, 'Swad', 'Baikampady', 'N', NULL);
INSERT INTO `suppliers` VALUES (205, 'Rehmath', 'Baikampady', 'N', NULL);
INSERT INTO `suppliers` VALUES (206, 'JPS', 'Baikampady', 'N', NULL);
INSERT INTO `suppliers` VALUES (207, 'Souza', 'Baikampady', 'N', NULL);
INSERT INTO `suppliers` VALUES (208, 'Krishna Suja', 'Baikampady', 'N', NULL);
INSERT INTO `suppliers` VALUES (209, 'Vailankanni 2', 'Baikampady', 'N', NULL);
INSERT INTO `suppliers` VALUES (210, 'Santhosh Beach', 'Baikampady', 'N', NULL);
INSERT INTO `suppliers` VALUES (211, 'New Vrindavan', 'Baikampady', 'N', NULL);
INSERT INTO `suppliers` VALUES (212, 'P A', 'Baikampady', 'N', NULL);
INSERT INTO `suppliers` VALUES (213, 'Hotel Abhishek', 'Baikampady', 'N', NULL);
INSERT INTO `suppliers` VALUES (214, 'Anu MP', 'Baikampady', 'N', NULL);
INSERT INTO `suppliers` VALUES (215, 'Gopal Krishna', 'Baikampady', 'N', NULL);
INSERT INTO `suppliers` VALUES (216, 'Sri Krishna', 'Baikampady', 'Y', NULL);
INSERT INTO `suppliers` VALUES (217, 'Sea World', 'Baikampady', 'N', NULL);
INSERT INTO `suppliers` VALUES (218, 'A J Wines', 'Baikampady', 'N', NULL);
INSERT INTO `suppliers` VALUES (219, 'Ganesh Sweets', 'Baikampady', 'N', NULL);
INSERT INTO `suppliers` VALUES (220, 'kullugana', 'Baikampady', 'N', NULL);
INSERT INTO `suppliers` VALUES (221, 'Surmai', 'Baikampady', 'N', NULL);
INSERT INTO `suppliers` VALUES (222, 'Curry Spoon', 'Baikampady', 'N', NULL);
INSERT INTO `suppliers` VALUES (223, 'Pingara', 'Baikampady', 'N', NULL);
INSERT INTO `suppliers` VALUES (224, 'Priya', 'Baikampady', 'N', NULL);
INSERT INTO `suppliers` VALUES (225, 'Mitai Shop', 'Baikampady', 'N', NULL);
INSERT INTO `suppliers` VALUES (226, 'Ganesh Wholesale', 'Baikampady', 'N', NULL);
INSERT INTO `suppliers` VALUES (227, 'Nandini NMPT', 'Baikampady', 'N', NULL);
INSERT INTO `suppliers` VALUES (228, 'Ginger House', 'Baikampady', 'N', NULL);
INSERT INTO `suppliers` VALUES (229, 'Lobo', 'Baikampady', 'N', NULL);
INSERT INTO `suppliers` VALUES (230, 'Sri Rajarajeshwari', 'Baikampady', 'N', NULL);
INSERT INTO `suppliers` VALUES (231, 'Bakers Lounge', 'Baikampady', 'N', NULL);
INSERT INTO `suppliers` VALUES (232, 'Laxmi Iyyangar', 'Baikampady', 'N', NULL);
INSERT INTO `suppliers` VALUES (233, 'Katipalla Super Bazar', 'Baikampady', 'N', NULL);
INSERT INTO `suppliers` VALUES (234, 'Shree Ent', 'Baikampady', 'N', NULL);
INSERT INTO `suppliers` VALUES (235, 'Kunera 2', 'Baikampady', 'N', NULL);
INSERT INTO `suppliers` VALUES (236, 'Kubera 1', 'Baikampady', 'N', NULL);
INSERT INTO `suppliers` VALUES (237, 'Lawnsaway', 'Baikampady', 'N', NULL);
INSERT INTO `suppliers` VALUES (238, 'Aishwarya', 'Baikampady', 'N', NULL);
INSERT INTO `suppliers` VALUES (239, 'Sri Kateel', 'Baikampady', 'N', NULL);
INSERT INTO `suppliers` VALUES (240, 'M N New', 'Baikampady', 'N', NULL);
INSERT INTO `suppliers` VALUES (241, 'Panamboor Beach Way', 'Baikampady', 'N', NULL);
INSERT INTO `suppliers` VALUES (242, 'Hosabettu General Store', 'Baikampady', 'N', NULL);
INSERT INTO `suppliers` VALUES (243, 'A K', 'Baikampady', 'N', NULL);
INSERT INTO `suppliers` VALUES (244, 'Brahmari', 'Baikampady', 'N', NULL);
INSERT INTO `suppliers` VALUES (245, 'Shakthi Bar', 'Baikampady', 'N', NULL);
INSERT INTO `suppliers` VALUES (246, 'Dwara', 'Baikampady', 'N', NULL);
INSERT INTO `suppliers` VALUES (247, 'Durga Tharakari', 'Baikampady', 'N', NULL);
INSERT INTO `suppliers` VALUES (248, 'V B Iyyangar', 'Baikampady', 'N', NULL);
INSERT INTO `suppliers` VALUES (249, 'New Life Care', 'Baikampady', 'N', NULL);
INSERT INTO `suppliers` VALUES (250, 'Dhanraj Caterers', 'Baikampady', 'N', NULL);
INSERT INTO `suppliers` VALUES (251, 'Sai Gen Store', 'Baikampady', 'N', NULL);
INSERT INTO `suppliers` VALUES (252, 'Sunil Bar', 'Baikampady', 'N', NULL);
INSERT INTO `suppliers` VALUES (253, 'Sheethal', 'Baikampady', 'N', NULL);
INSERT INTO `suppliers` VALUES (254, 'Thara bar', 'Baikampady', 'N', NULL);
INSERT INTO `suppliers` VALUES (255, 'chanragiri', 'Baikampady', 'N', NULL);
INSERT INTO `suppliers` VALUES (256, 'J S', 'Baikampady', 'N', NULL);
INSERT INTO `suppliers` VALUES (257, 'NANDADEEPA', 'BAIKAMPADY', 'N', NULL);
INSERT INTO `suppliers` VALUES (258, 'KUBERA 2', 'BAIKAMPADY', 'N', NULL);
INSERT INTO `suppliers` VALUES (259, 'PANAMBUR BEACH', 'BAIKAMPADY', 'N', NULL);
INSERT INTO `suppliers` VALUES (260, 'HOTEL BIRIYANI BAIKAMPADY', 'BAIKAMPADY', 'N', NULL);
INSERT INTO `suppliers` VALUES (261, 'SHRUTHI GEN', 'BAIKAMPADY', 'N', NULL);
INSERT INTO `suppliers` VALUES (262, 'SRI GANESH STORE BAIKAM', 'BAIKAMPADY', 'N', NULL);
INSERT INTO `suppliers` VALUES (263, 'SANTHOSH PRESELLER', 'BAIKAMPADY', 'N', NULL);
INSERT INTO `suppliers` VALUES (264, 'CHANDRAGIRI', 'BAIKAMPADY', 'N', NULL);
INSERT INTO `suppliers` VALUES (265, 'GANESH PRESELLER', 'AIRPORT', 'N', NULL);
INSERT INTO `suppliers` VALUES (266, 'R R', 'AIRPORT', 'N', NULL);
INSERT INTO `suppliers` VALUES (267, 'RATHNA', 'AIRPORT', 'N', NULL);
INSERT INTO `suppliers` VALUES (268, '3 STAR', 'AIRPORT', 'N', NULL);
INSERT INTO `suppliers` VALUES (269, 'KARAVALI', 'AIRPORT', 'N', NULL);
INSERT INTO `suppliers` VALUES (270, 'VRL CANTEEN', 'AIRPORT', 'N', NULL);
INSERT INTO `suppliers` VALUES (271, 'ICY AND SPICY', 'AIRPORT', 'N', NULL);
INSERT INTO `suppliers` VALUES (272, 'MURGAN', 'AIRPORT', 'N', NULL);
INSERT INTO `suppliers` VALUES (273, 'MAHALASA AIRPORT', 'AIRPORT', 'N', NULL);
INSERT INTO `suppliers` VALUES (274, 'KULUR GEN', 'AIRPORT', 'N', NULL);
INSERT INTO `suppliers` VALUES (275, 'LOBO AIRPORT', 'AIRPORT', 'N', NULL);
INSERT INTO `suppliers` VALUES (276, 'BRAHMARI AIRPORT', 'AIRPORT', 'N', NULL);
INSERT INTO `suppliers` VALUES (277, 'MANDI BIRIYANI', 'AIRPORT', 'N', NULL);
INSERT INTO `suppliers` VALUES (278, 'KUSUMA', 'AIRPORT', 'N', NULL);
INSERT INTO `suppliers` VALUES (279, 'KARKERA', 'AIRPORT', 'N', NULL);
INSERT INTO `suppliers` VALUES (280, 'GANESH SWEETS AIRPORT', 'AIRPORT', 'N', NULL);
INSERT INTO `suppliers` VALUES (281, 'RR BAKERY', 'AIRPORT', 'N', NULL);
INSERT INTO `suppliers` VALUES (282, 'IYY URWA', 'AIRPORT', 'N', NULL);
INSERT INTO `suppliers` VALUES (283, 'KAVERI BAR', 'AIRPORT', 'N', NULL);
INSERT INTO `suppliers` VALUES (284, 'MAYURA REST (AIR)', 'AIRPORT', 'N', NULL);
INSERT INTO `suppliers` VALUES (285, 'SIZZLER', 'AIRPORT', 'N', NULL);
INSERT INTO `suppliers` VALUES (286, 'LITTLE BITES', 'AIRPORT', 'N', NULL);
INSERT INTO `suppliers` VALUES (287, 'KARAVALI CAKES', 'AIRPORT', 'N', NULL);
INSERT INTO `suppliers` VALUES (288, 'ASHOK STORE', 'AIRPORT', 'N', NULL);
INSERT INTO `suppliers` VALUES (289, 'VADIRAJA', 'AIRPORT', 'N', NULL);
INSERT INTO `suppliers` VALUES (290, 'TIKKA GARAGE', 'AIRPORT', 'N', NULL);
INSERT INTO `suppliers` VALUES (291, 'ASHISH STORE', 'AIRPORT', 'N', NULL);
INSERT INTO `suppliers` VALUES (292, 'GINGER HOUSE (AIR)', 'AIRPORT', 'N', NULL);
INSERT INTO `suppliers` VALUES (293, 'S M ENT', 'AIRPORT', 'N', NULL);
INSERT INTO `suppliers` VALUES (294, 'SANTHOSH BAR (AIR)', 'AIRPORT', 'N', NULL);
INSERT INTO `suppliers` VALUES (295, 'DAKSHA', 'AIRPORT', 'N', NULL);
INSERT INTO `suppliers` VALUES (296, 'H K STORE', 'AIRPORT', 'N', NULL);
INSERT INTO `suppliers` VALUES (297, 'GANESH BAKERY (AIR)', 'AIRPORT', 'N', NULL);
INSERT INTO `suppliers` VALUES (298, 'SAI RAM', 'AIRPORT', 'N', NULL);
INSERT INTO `suppliers` VALUES (299, 'KRISHNA MP', 'AIRPORT', 'N', NULL);
INSERT INTO `suppliers` VALUES (300, 'QUALITY', 'AIRPORT', 'N', NULL);
INSERT INTO `suppliers` VALUES (301, 'A J (AIR)', 'AIRPORT', 'N', NULL);
INSERT INTO `suppliers` VALUES (302, 'NARAYANA BHANDARI', 'AIRPORT', 'N', NULL);
INSERT INTO `suppliers` VALUES (303, 'SRI SAI GEN (AIR)', 'AIRPORT', 'N', NULL);
INSERT INTO `suppliers` VALUES (304, 'SMACKY (AIR)', 'AIRPORT', 'N', NULL);
INSERT INTO `suppliers` VALUES (305, 'BALAJI MARINE', 'AIRPORT', 'N', NULL);
INSERT INTO `suppliers` VALUES (306, 'NEW IYY (AIR)', 'AIRPORT', 'N', NULL);
INSERT INTO `suppliers` VALUES (307, 'HOT SPOT', 'AIRPORT', 'N', NULL);
INSERT INTO `suppliers` VALUES (308, 'THALICHARY', 'AIRPORT', 'N', NULL);
INSERT INTO `suppliers` VALUES (309, 'DURGA STORE (AIR)', 'AIRPORT', 'N', NULL);
INSERT INTO `suppliers` VALUES (310, 'IYY BK (AIR)', 'AIRPORT', 'N', NULL);
INSERT INTO `suppliers` VALUES (311, 'K V BADRIYA', 'AIRPORT', 'N', NULL);
INSERT INTO `suppliers` VALUES (312, 'P R BAKERY', 'AIRPORT', 'N', NULL);
INSERT INTO `suppliers` VALUES (313, 'VAISHNAVI', 'AIRPORT', 'N', NULL);
INSERT INTO `suppliers` VALUES (314, 'PANCHAM GEN', 'AIRPORT', 'N', NULL);
INSERT INTO `suppliers` VALUES (315, 'VASANTH (AIR)', 'AIRPORT', 'N', NULL);
INSERT INTO `suppliers` VALUES (316, 'G J FAST FOOD', 'AIRPORT', 'N', NULL);
INSERT INTO `suppliers` VALUES (317, 'PRAHI', 'AIRPORT', 'N', NULL);
INSERT INTO `suppliers` VALUES (318, 'BAPTIST', 'AIRPORT', 'N', NULL);
INSERT INTO `suppliers` VALUES (319, 'MY MART', 'AIRPORT', 'N', NULL);
INSERT INTO `suppliers` VALUES (320, 'DAMODAR', 'AIRPORT', 'N', NULL);
INSERT INTO `suppliers` VALUES (321, 'MEGHA BAR (AIR)', 'AIRPORT', 'N', NULL);
INSERT INTO `suppliers` VALUES (322, 'BAKE N SHAKE (BAIKAM)', 'BAIKAMPADY', 'N', NULL);
INSERT INTO `suppliers` VALUES (323, 'UDUPI DELUX', 'BAIKAMPADY', 'N', NULL);
INSERT INTO `suppliers` VALUES (324, 'MARGIN SUPER MART', 'K S Rao', 'N', NULL);
INSERT INTO `suppliers` VALUES (325, 'MANASA BEJAI', 'Bejai', 'N', NULL);
INSERT INTO `suppliers` VALUES (326, 'SEA FOOD', '', 'N', NULL);
INSERT INTO `suppliers` VALUES (327, 'Tejaswini', 'Bejai', 'N', NULL);
INSERT INTO `suppliers` VALUES (328, 'IYY BAKERY (AIR)', 'AIRPORT', 'N', NULL);
INSERT INTO `suppliers` VALUES (329, '500030852 KAVERY BAKERY &amp; SWEETS', 'BANNUR ROAD MAHADEVASWAMY', 'N', NULL);
INSERT INTO `suppliers` VALUES (330, 'kadri gen', 'Bejai', 'N', NULL);
INSERT INTO `suppliers` VALUES (331, 'Vaishnavi Iyy (Air)', 'Airport', 'N', NULL);
INSERT INTO `suppliers` VALUES (332, 'Prahi ( Air)', 'Airport', 'N', NULL);
INSERT INTO `suppliers` VALUES (333, 'Priya general (Air)', 'Airport', 'N', NULL);
INSERT INTO `suppliers` VALUES (334, 'Ideal Bk (Air)', 'Airport', 'N', NULL);
INSERT INTO `suppliers` VALUES (335, 'Shakthi Anugraha', 'Airport', 'N', NULL);
INSERT INTO `suppliers` VALUES (336, 'Tikka Garage (Air)', 'Airport', 'N', NULL);
INSERT INTO `suppliers` VALUES (337, 'National ( Air )', 'Airport', 'N', NULL);
INSERT INTO `suppliers` VALUES (338, 'M S (Air)', 'Airport', 'N', NULL);
INSERT INTO `suppliers` VALUES (339, 'Bharath Store', 'Airport', 'N', NULL);
INSERT INTO `suppliers` VALUES (340, 'Hai lady', 'Airport', 'N', NULL);
INSERT INTO `suppliers` VALUES (341, 'Mahalaxmi (Air)', 'Airport', 'N', NULL);
INSERT INTO `suppliers` VALUES (342, 'Karavali Super Market', 'Airport', 'N', 'word1');
INSERT INTO `suppliers` VALUES (343, 'Iyy Kuloor', 'Airport', 'N', 'word1');
INSERT INTO `suppliers` VALUES (344, 'Bagavathi (Air)', 'Airport', 'N', 'word1');
INSERT INTO `suppliers` VALUES (345, 'ABI Sweets', 'Airport', 'N', 'word1');
INSERT INTO `suppliers` VALUES (346, 'S K (Air)', 'Airport', 'N', 'word1');
INSERT INTO `suppliers` VALUES (347, 'Trishika Ent (Air)', 'Airport', 'N', 'word1');
INSERT INTO `suppliers` VALUES (348, 'I.H. Super Market', 'Vamanjoor', 'N', 'word1');
INSERT INTO `suppliers` VALUES (349, 'Mamma\'s Mini Mart', 'Vamanjoor', 'N', 'word1');
INSERT INTO `suppliers` VALUES (350, 'SLV Iyy Vam', 'Vamanjoor', 'N', 'word1');
INSERT INTO `suppliers` VALUES (351, 'Brahmari (Vam)', 'Vamanjoor', 'N', 'word1');
INSERT INTO `suppliers` VALUES (352, 'Durga Store (Vam )', 'Vamanjoor', 'N', 'word1');
INSERT INTO `suppliers` VALUES (353, 'Mamma\'s General', 'Vamanjoor', 'N', 'word1');
INSERT INTO `suppliers` VALUES (354, 'Kamadhenu', 'Vamanjoor', 'N', 'word1');
INSERT INTO `suppliers` VALUES (355, 'Tandoor Bar (Vam(', 'Vamanjoor', 'N', 'word1');
INSERT INTO `suppliers` VALUES (356, 'Vaman', 'kuloor', 'N', 'word1');
INSERT INTO `suppliers` VALUES (357, 'Sri devi (kuloor)', 'kuloor', 'N', 'word1');
INSERT INTO `suppliers` VALUES (358, 'Swadesh Bar', 'Vamanjoor', 'N', 'word1');
INSERT INTO `suppliers` VALUES (359, 'Amma (Kuloor)', 'kuloor', 'Y', NULL);
INSERT INTO `suppliers` VALUES (360, 'Iyy Vam Junction', 'Vamanjoor', 'N', NULL);
INSERT INTO `suppliers` VALUES (361, 'Karthik', 'kuloor', 'N', NULL);
INSERT INTO `suppliers` VALUES (362, 'Swad Bar', 'Vamanjoor', 'N', NULL);
INSERT INTO `suppliers` VALUES (363, 'Pizza Vam', 'Vamanjoor', 'N', NULL);
INSERT INTO `suppliers` VALUES (364, 'Chips Arabia', 'Vamanjoor', 'N', NULL);
INSERT INTO `suppliers` VALUES (365, 'NForce Canteen', 'Vamanjoor', 'N', NULL);
INSERT INTO `suppliers` VALUES (366, 'Sanjeevini', 'kuloor', 'N', NULL);
INSERT INTO `suppliers` VALUES (367, 'Modern Bakery 3', 'Vamanjoor', 'N', NULL);
INSERT INTO `suppliers` VALUES (368, 'Brahmarambike', 'kuloor', 'N', NULL);
INSERT INTO `suppliers` VALUES (369, 'Sangam store', '', 'N', NULL);
INSERT INTO `suppliers` VALUES (370, 'Iyy Permude', 'kuloor', 'N', NULL);
INSERT INTO `suppliers` VALUES (371, 'Wine N Spirits Kulshekara', 'Vamanjoor', 'N', NULL);
INSERT INTO `suppliers` VALUES (372, 'sandeep wholesale', 'kuloor', 'N', NULL);
INSERT INTO `suppliers` VALUES (373, 'Konkan Bar', 'Vamanjoor', 'N', NULL);
INSERT INTO `suppliers` VALUES (374, 'Suchi Super Bazar', 'Vamanjoor', 'N', NULL);
INSERT INTO `suppliers` VALUES (375, 'Durga bkry (mulky)', 'kuloor', 'N', NULL);
INSERT INTO `suppliers` VALUES (376, 'Best bakery Vam', 'Vamanjoor', 'N', NULL);
INSERT INTO `suppliers` VALUES (377, 'Cake N Caramel', 'Vamanjoor', 'N', NULL);
INSERT INTO `suppliers` VALUES (378, 'vijaya college', 'kuloor', 'N', NULL);
INSERT INTO `suppliers` VALUES (379, 'Students Square', 'Vamanjoor', 'N', NULL);
INSERT INTO `suppliers` VALUES (380, 'National (kuloor)', 'kuloor', 'N', NULL);
INSERT INTO `suppliers` VALUES (381, 'Gujaran', 'Vamanjoor', 'N', NULL);
INSERT INTO `suppliers` VALUES (382, 'Royal Food', 'Vamanjoor', 'N', 'word1');
INSERT INTO `suppliers` VALUES (383, 'Indian super bazar', 'kuloor', 'N', 'word1');
INSERT INTO `suppliers` VALUES (384, 'Mahaganapati', 'Vamanjoor', 'N', 'word1');
INSERT INTO `suppliers` VALUES (385, 'snack zone (kuloor)', 'kuloor', 'N', 'word1');
INSERT INTO `suppliers` VALUES (386, 'Ambika(kuloor)', 'kuloor', 'N', 'word1');
INSERT INTO `suppliers` VALUES (387, 'Daily Buy', 'Vamanjoor', 'N', 'word1');
INSERT INTO `suppliers` VALUES (388, 'Arpita Vam', 'Vamanjoor', 'N', 'word1');
INSERT INTO `suppliers` VALUES (389, 'Vaishnavi(kuloor)', 'kuloor', 'N', 'word1');
INSERT INTO `suppliers` VALUES (390, 'pizza(kuloor)', 'kuloor', 'N', 'word1');
INSERT INTO `suppliers` VALUES (391, 'Food land(kuloor)', 'kuloor', 'N', 'word1');
INSERT INTO `suppliers` VALUES (392, 'Hi Spirits Thokkottu', 'Vamanjoor', 'N', 'word1');
INSERT INTO `suppliers` VALUES (393, 'Wine n Dine Thokkottu', 'Vamanjoor', 'N', 'word1');
INSERT INTO `suppliers` VALUES (394, 'St Raymonds', 'Vamanjoor', 'N', 'word1');
INSERT INTO `suppliers` VALUES (395, 'Janani 2', 'kuloor', 'N', 'word1');
INSERT INTO `suppliers` VALUES (396, 'Om Sai Distributor', 'Vamanjoor', 'N', 'word1');
INSERT INTO `suppliers` VALUES (397, 'Amma Juice (kuloor)', 'kuloor', 'N', 'word1');
INSERT INTO `suppliers` VALUES (398, 'D\'Souza', 'Vamanjoor', 'N', 'word1');
INSERT INTO `suppliers` VALUES (399, 'Vinu (kuloor)', 'kuloor', 'N', 'word1');
INSERT INTO `suppliers` VALUES (400, 'Super Traders', 'Vamanjoor', 'N', 'word1');
INSERT INTO `suppliers` VALUES (401, 'St Anna', 'Vamanjoor', 'N', NULL);
INSERT INTO `suppliers` VALUES (402, 'Prakash(kuloor)', 'kuloor', 'N', NULL);
INSERT INTO `suppliers` VALUES (403, 'Lobo Vam', 'Vamanjoor', 'N', NULL);
INSERT INTO `suppliers` VALUES (404, 'Spanda', 'kuloor', 'N', NULL);
INSERT INTO `suppliers` VALUES (405, 'UAS Vam', 'Vamanjoor', 'N', NULL);
INSERT INTO `suppliers` VALUES (406, 'JMJ (KULOOR)', 'kuloor', 'N', NULL);
INSERT INTO `suppliers` VALUES (407, 'Berry\'s N Cakes', 'Vamanjoor', 'N', NULL);
INSERT INTO `suppliers` VALUES (408, 'New cake(kuloor)', 'kuloor', 'N', NULL);
INSERT INTO `suppliers` VALUES (409, 'Iyy Gurupura', 'Vamanjoor', 'N', NULL);
INSERT INTO `suppliers` VALUES (410, 'welcome', 'kuloor', 'N', NULL);
INSERT INTO `suppliers` VALUES (411, 'Delight Bk Vam', 'Vamanjoor', 'N', NULL);
INSERT INTO `suppliers` VALUES (412, 'cutie', 'kuloor', 'N', NULL);
INSERT INTO `suppliers` VALUES (413, 'Modern Bakery 1', 'Vamanjoor', 'N', NULL);
INSERT INTO `suppliers` VALUES (414, 'Modern Bakery 2', 'Vamanjoor', 'N', NULL);
INSERT INTO `suppliers` VALUES (415, 'Live sweets', 'kuloor', 'N', NULL);
INSERT INTO `suppliers` VALUES (416, 'Sri Devi Vam', 'Vamanjoor', 'N', NULL);
INSERT INTO `suppliers` VALUES (417, 'Durgaparameshwari Vam', 'Vamanjoor', 'N', NULL);
INSERT INTO `suppliers` VALUES (418, 'Lathifa', 'kuloor', 'N', NULL);
INSERT INTO `suppliers` VALUES (419, 'Prashant Wines Vam', 'Vamanjoor', 'N', NULL);
INSERT INTO `suppliers` VALUES (420, 'Wild Spirits', 'Vamanjoor', 'N', NULL);
INSERT INTO `suppliers` VALUES (421, 'Soniya', 'KULOOR', 'N', NULL);
INSERT INTO `suppliers` VALUES (422, 'Big Store', 'Vamanjoor', 'N', NULL);
INSERT INTO `suppliers` VALUES (423, 'AVINASH BKRY(KULOOR)', 'KULOOR', 'N', NULL);
INSERT INTO `suppliers` VALUES (424, 'Vamanjoor Store', 'Vamanjoor', 'N', NULL);
INSERT INTO `suppliers` VALUES (425, 'National bk (kuloor)', 'KULOOR', 'N', NULL);
INSERT INTO `suppliers` VALUES (426, 'Hotel Shivaprasad Vam', 'Vamanjoor', 'N', NULL);
INSERT INTO `suppliers` VALUES (427, 'Metro Store', 'Vamanjoor', 'N', NULL);
INSERT INTO `suppliers` VALUES (428, 'Durga Prasad Vam', 'Vamanjoor', 'N', NULL);
INSERT INTO `suppliers` VALUES (429, 'C M(KULOOR)', 'KULOOR', 'N', NULL);
INSERT INTO `suppliers` VALUES (430, 'Just Bak Vam', 'Vamanjoor', 'N', NULL);
INSERT INTO `suppliers` VALUES (431, 'Fathima Vam', 'Vamanjoor', 'N', NULL);
INSERT INTO `suppliers` VALUES (432, 'Sathisk Kotian(kuloor)', 'KULOOR', 'N', NULL);
INSERT INTO `suppliers` VALUES (433, 'Loukhya Vam', 'Vamanjoor', 'N', NULL);
INSERT INTO `suppliers` VALUES (434, 'SVS Vam', 'Vamanjoor', 'N', NULL);
INSERT INTO `suppliers` VALUES (435, 'Mahalaxmi(kuloor)', 'KULOOR', 'N', NULL);
INSERT INTO `suppliers` VALUES (436, 'Ullas Bar', 'Vamanjoor', 'N', NULL);
INSERT INTO `suppliers` VALUES (437, 'Kolnad bkry', 'KULOOR', 'N', NULL);
INSERT INTO `suppliers` VALUES (438, 'Sip Ventures', 'Vamanjoor', 'N', NULL);
INSERT INTO `suppliers` VALUES (439, 'New iyy cake', 'KULOOR', 'N', NULL);
INSERT INTO `suppliers` VALUES (440, 'Avinash Bar', 'Vamanjoor', 'N', NULL);
INSERT INTO `suppliers` VALUES (441, 'Iyy Kulshekara', 'Vamanjoor', 'N', NULL);
INSERT INTO `suppliers` VALUES (442, 'Veg Vam', 'Vamanjoor', 'N', NULL);
INSERT INTO `suppliers` VALUES (443, 'Parle(kuloor)', 'KULOOR', 'N', NULL);
INSERT INTO `suppliers` VALUES (444, 'Dmello Bakery', 'Vamanjoor', 'N', NULL);
INSERT INTO `suppliers` VALUES (445, 'kitchen bells', 'KULOOR', 'N', NULL);
INSERT INTO `suppliers` VALUES (446, 'Jeevan Preseller', 'Vamanjoor', 'N', NULL);
INSERT INTO `suppliers` VALUES (447, 'bangalore iyy konchadi', 'KULOOR', 'N', NULL);
INSERT INTO `suppliers` VALUES (448, 'River Roost', 'Vamanjoor', 'N', NULL);
INSERT INTO `suppliers` VALUES (449, 'Royal(KULOOR)', 'KULOOR', 'N', NULL);
INSERT INTO `suppliers` VALUES (450, 'Smart', 'Vamanjoor', 'N', NULL);
INSERT INTO `suppliers` VALUES (451, 'Sri krishna (kuloor)', 'KULOOR', 'N', 'word1');
INSERT INTO `suppliers` VALUES (452, 'Galaxy Bar', 'Vamanjoor', 'N', 'word1');
INSERT INTO `suppliers` VALUES (453, 'Durga general(kuloor)', 'KULOOR', 'N', 'word1');
INSERT INTO `suppliers` VALUES (454, 'Little Flower', 'Bajpe', 'N', 'word1');
INSERT INTO `suppliers` VALUES (455, 'Kinnigoli super bazar', 'KULOOR', 'N', 'word1');
INSERT INTO `suppliers` VALUES (456, 'New swathi (kuloor)', 'KULOOR', 'N', 'word1');
INSERT INTO `suppliers` VALUES (457, 'Family Super Market', 'Bajpe', 'N', 'word1');
INSERT INTO `suppliers` VALUES (458, 'Ice N Spice Bajpe', 'Bajpe', 'N', 'word1');
INSERT INTO `suppliers` VALUES (459, 'Mandovi Motors', 'Bajpe', 'N', 'word1');
INSERT INTO `suppliers` VALUES (460, 'Ambela', 'Bajpe', 'N', 'word1');
INSERT INTO `suppliers` VALUES (461, 'Maryhill Store', 'Bajpe', 'N', 'word1');
INSERT INTO `suppliers` VALUES (462, 'Tejas', 'KULOOR', 'N', 'word1');
INSERT INTO `suppliers` VALUES (463, 'R k Mini Mart', 'Bajpe', 'N', 'word1');
INSERT INTO `suppliers` VALUES (464, 'Grill chill', 'KULOOR', 'N', 'word1');
INSERT INTO `suppliers` VALUES (465, 'Kavoor Bakery', 'Bajpe', 'N', 'word1');
INSERT INTO `suppliers` VALUES (466, 'Koyla Rest', 'Bajpe', 'N', 'word1');
INSERT INTO `suppliers` VALUES (467, 'Suavis', 'KULOOR', 'N', 'word1');
INSERT INTO `suppliers` VALUES (468, 'Martiny Wholesale', 'Bajpe', 'N', 'word1');
INSERT INTO `suppliers` VALUES (469, 'S M Store Vam', 'Bajpe', 'N', 'word1');
INSERT INTO `suppliers` VALUES (470, 'Highway 66', 'Bajpe', 'N', 'word1');
INSERT INTO `suppliers` VALUES (471, 'Bramarambika', 'KULOOR', 'N', NULL);
INSERT INTO `suppliers` VALUES (472, 'Pizza Bajpe', 'Bajpe', 'N', NULL);
INSERT INTO `suppliers` VALUES (473, 'Prashant Wines Kavoor', 'Bajpe', 'N', NULL);
INSERT INTO `suppliers` VALUES (474, 'Kudla Chavadi', 'Bajpe', 'N', NULL);
INSERT INTO `suppliers` VALUES (475, 'Durgaparameshwari Bajpe', 'Bajpe', 'N', NULL);
INSERT INTO `suppliers` VALUES (476, 'Pais', 'KULOOR', 'N', NULL);
INSERT INTO `suppliers` VALUES (477, 'SWATHI Bajpe', 'Bajpe', 'N', NULL);
INSERT INTO `suppliers` VALUES (478, 'Sai Samruddhi Bar', 'Bajpe', 'N', NULL);
INSERT INTO `suppliers` VALUES (479, 'Sri Devi Bajpe', 'Bajpe', 'N', NULL);
INSERT INTO `suppliers` VALUES (480, 'SDIT Canteen', 'Bajpe', 'N', NULL);
INSERT INTO `suppliers` VALUES (481, 'Dasami', 'KULOOR', 'N', NULL);
INSERT INTO `suppliers` VALUES (482, 'Hotel Janatha', 'Bajpe', 'N', NULL);
INSERT INTO `suppliers` VALUES (483, 'Ravindra', 'KULOOR', 'N', NULL);
INSERT INTO `suppliers` VALUES (484, 'Shanthi Bhavan Bajpe', 'Bajpe', 'N', NULL);
INSERT INTO `suppliers` VALUES (485, 'Nishma Super Market', 'Bajpe', 'N', NULL);
INSERT INTO `suppliers` VALUES (486, 'Karnad', 'KULOOR', 'N', NULL);
INSERT INTO `suppliers` VALUES (487, 'Sky Mart', 'Bajpe', 'N', NULL);
INSERT INTO `suppliers` VALUES (488, 'cool zone', 'KULOOR', 'N', NULL);
INSERT INTO `suppliers` VALUES (489, 'Kavoor Bar', 'Bajpe', 'N', NULL);
INSERT INTO `suppliers` VALUES (490, 'kalyani (kavoor)', 'KULOOR', 'N', NULL);
INSERT INTO `suppliers` VALUES (491, 'National Bajpe', 'Bajpe', 'N', NULL);
INSERT INTO `suppliers` VALUES (492, 'Iyy Konchady', 'Bajpe', 'N', NULL);
INSERT INTO `suppliers` VALUES (493, 'Karnad chips', 'KULOOR', 'N', NULL);
INSERT INTO `suppliers` VALUES (494, 'Vinayaka Bajpe', 'Bajpe', 'N', NULL);
INSERT INTO `suppliers` VALUES (495, 'Bappanadu', 'KULOOR', 'N', NULL);
INSERT INTO `suppliers` VALUES (496, 'Ganga Sagar', 'Bajpe', 'N', NULL);
INSERT INTO `suppliers` VALUES (497, 'shiva kalyani', 'KULOOR', 'N', NULL);
INSERT INTO `suppliers` VALUES (498, 'Ben len (kuloor)', 'KULOOR', 'N', NULL);
INSERT INTO `suppliers` VALUES (499, 'janani (kuloor)', 'KULOOR', 'N', NULL);
INSERT INTO `suppliers` VALUES (500, 'Jayaraj Bar', 'Bajpe', 'N', NULL);
INSERT INTO `suppliers` VALUES (501, 'Bajpe Sweets', 'Bajpe', 'N', NULL);
INSERT INTO `suppliers` VALUES (502, 'kcs (kuloor)', 'KULOOR', 'N', NULL);
INSERT INTO `suppliers` VALUES (503, 'Rajeshwari Bk Bajpe', 'Bajpe', 'N', NULL);
INSERT INTO `suppliers` VALUES (504, 'welcome(kuloor)', 'KULOOR', 'N', NULL);
INSERT INTO `suppliers` VALUES (505, 'Fathima Bajpe', 'Bajpe', 'N', NULL);
INSERT INTO `suppliers` VALUES (506, 'Ullal Fancy', 'Bajpe', 'N', NULL);
INSERT INTO `suppliers` VALUES (507, 'New cake palace(kuloor)', 'KULOOR', 'N', NULL);
INSERT INTO `suppliers` VALUES (508, 'Anjali Hotels Bajpe', 'Bajpe', 'N', NULL);
INSERT INTO `suppliers` VALUES (509, 'Naima', 'Bajpe', 'N', NULL);
INSERT INTO `suppliers` VALUES (510, 'iyy mulki', 'KULOOR', 'N', NULL);
INSERT INTO `suppliers` VALUES (511, 'Abhi Sweets Bajpe', 'Bajpe', 'N', NULL);
INSERT INTO `suppliers` VALUES (512, 'Amma Kiran', 'Bajpe', 'N', NULL);
INSERT INTO `suppliers` VALUES (513, 'sri durga gen(kuloor)', 'KULOOR', 'N', NULL);
INSERT INTO `suppliers` VALUES (514, 'A.K . Bajpe', 'Bajpe', 'N', NULL);
INSERT INTO `suppliers` VALUES (515, 'Sachitha Bar', 'Bajpe', 'N', NULL);
INSERT INTO `suppliers` VALUES (516, 'sangam fruit', 'KULOOR', 'N', NULL);
INSERT INTO `suppliers` VALUES (517, 'Max Hyper Market', 'Bajpe', 'N', NULL);
INSERT INTO `suppliers` VALUES (518, 'Kitchen Bell\'s', 'Bajpe', 'N', NULL);
INSERT INTO `suppliers` VALUES (519, 'Sequira', 'KULOOR', 'N', NULL);
INSERT INTO `suppliers` VALUES (520, 'Sri Durga Bajpe', 'Bajpe', 'N', NULL);
INSERT INTO `suppliers` VALUES (521, 'Kubera Bajpe', 'Bajpe', 'N', NULL);
INSERT INTO `suppliers` VALUES (522, 'New bangl iyy (kuloor)', 'KULOOR', 'N', NULL);
INSERT INTO `suppliers` VALUES (523, 'Suvarna General', 'Bajpe', 'N', NULL);
INSERT INTO `suppliers` VALUES (524, 'Sujatha Store', 'Bajpe', 'N', NULL);
INSERT INTO `suppliers` VALUES (525, 'Mithun Preseller', 'Bajpe', 'N', NULL);
INSERT INTO `suppliers` VALUES (526, 'Devi Canteen', 'Bajpe', 'N', NULL);
INSERT INTO `suppliers` VALUES (527, 'KRK Gen Bajpe', 'Bajpe', 'N', NULL);
INSERT INTO `suppliers` VALUES (528, 'Amma Kateeleshwari Bajpe', 'Bajpe', 'N', NULL);
INSERT INTO `suppliers` VALUES (529, 'Hotel Ambika', 'Bajpe', 'N', NULL);
INSERT INTO `suppliers` VALUES (530, 'Navami Plaza', 'Bajpe', 'N', NULL);
INSERT INTO `suppliers` VALUES (531, 'Laxmi Prov Bajpe', 'Bajpe', 'N', NULL);
INSERT INTO `suppliers` VALUES (532, 'Devi shiraj caters', 'KULOOR', 'N', NULL);
INSERT INTO `suppliers` VALUES (533, 'Fresh Veg Bajpe', 'Bajpe', 'N', NULL);
INSERT INTO `suppliers` VALUES (534, 'Nithyananda Kamath', 'Bajpe', 'N', NULL);
INSERT INTO `suppliers` VALUES (535, 'Samrat Wines', 'Bajpe', 'N', NULL);
INSERT INTO `suppliers` VALUES (536, 'Sai Kripa Bajpe', 'Bajpe', 'N', NULL);
INSERT INTO `suppliers` VALUES (537, 'Vinayaka(kuloor)', 'KULOOR', 'N', NULL);
INSERT INTO `suppliers` VALUES (538, 'A To Z', 'Bajpe', 'N', NULL);
INSERT INTO `suppliers` VALUES (539, 'Mookambika Bajpe', 'Bajpe', 'N', NULL);
INSERT INTO `suppliers` VALUES (540, 'Ambika Cook', 'Bajpe', 'N', NULL);
INSERT INTO `suppliers` VALUES (541, 'Maruti Bzr', 'Bajpe', 'N', NULL);
INSERT INTO `suppliers` VALUES (542, 'C mart', 'Bajpe', 'N', NULL);
INSERT INTO `suppliers` VALUES (543, 'Porkodi Dwara', 'Bajpe', 'N', NULL);
INSERT INTO `suppliers` VALUES (544, 'Yash Store', 'Bajpe', 'N', NULL);
INSERT INTO `suppliers` VALUES (545, 'Costa Bakery Bajpe', 'Bajpe', 'N', NULL);
INSERT INTO `suppliers` VALUES (546, 'Jayashree', 'KULOOR', 'N', NULL);
INSERT INTO `suppliers` VALUES (547, 'AJ Wine zone', 'Bajpe', 'N', NULL);
INSERT INTO `suppliers` VALUES (548, 'Marakada Bar', 'Bajpe', 'N', NULL);
INSERT INTO `suppliers` VALUES (549, 'durga ice (kuloor)', 'KULOOR', 'N', NULL);
INSERT INTO `suppliers` VALUES (550, 'Nisarga Bajpe', 'Bajpe', 'N', NULL);
INSERT INTO `suppliers` VALUES (551, 'Milan Bakery', 'Bajpe', 'N', NULL);
INSERT INTO `suppliers` VALUES (552, 'Rathan', 'KULOOR', 'N', NULL);
INSERT INTO `suppliers` VALUES (553, 'Amma Check Post', 'Bajpe', 'N', NULL);
INSERT INTO `suppliers` VALUES (554, 'Aramane Sweets', 'Bajpe', 'N', NULL);
INSERT INTO `suppliers` VALUES (555, 'Siddi Food work', 'Bajpe', 'N', NULL);
INSERT INTO `suppliers` VALUES (556, 'Spanda bkry', 'KULOOR', 'N', NULL);
INSERT INTO `suppliers` VALUES (557, 'Jaara shop', 'Bajpe', 'N', NULL);
INSERT INTO `suppliers` VALUES (558, 'Katteyangadi', 'Bajpe', 'N', NULL);
INSERT INTO `suppliers` VALUES (559, 'Amma Sweets Bajpe', 'Bajpe', 'N', NULL);
INSERT INTO `suppliers` VALUES (560, 'New light Bk', 'Bajpe', 'N', NULL);
INSERT INTO `suppliers` VALUES (561, 'Wine n Dine Rest Bajpe', 'Bajpe', 'N', NULL);
INSERT INTO `suppliers` VALUES (562, 'Cafe J one', 'Bajpe', 'N', NULL);
INSERT INTO `suppliers` VALUES (563, 'Kudupu Mini bzr', 'Vamanjoor', 'N', NULL);
INSERT INTO `suppliers` VALUES (564, 'Om Sai Neermarga', 'Vamanjoor', 'N', NULL);
INSERT INTO `suppliers` VALUES (565, 'P M Gen', 'Vamanjoor', 'N', NULL);
INSERT INTO `suppliers` VALUES (566, 'Kudupu General', 'Vamanjoor', 'N', NULL);
INSERT INTO `suppliers` VALUES (567, 'Cake Palace Bam', 'Vamanjoor', 'Y', NULL);
INSERT INTO `suppliers` VALUES (568, 'Cake Palace Vam', 'Vamanjoor', 'N', NULL);
INSERT INTO `suppliers` VALUES (569, 'Rego Vam', 'Vamanjoor', 'N', NULL);
INSERT INTO `suppliers` VALUES (570, 'Shakti Nagar Store', 'Vamanjoor', 'N', NULL);
INSERT INTO `suppliers` VALUES (571, 'Sunrise Super Market', 'Vamanjoor', 'N', NULL);
INSERT INTO `suppliers` VALUES (572, 'Ambika Sweets', 'Vamanjoor', 'N', NULL);
INSERT INTO `suppliers` VALUES (573, 'Aakash Store', 'Vamanjoor', 'N', NULL);
INSERT INTO `suppliers` VALUES (574, 'SR Caterers', 'Vamanjoor', 'N', NULL);
INSERT INTO `suppliers` VALUES (575, 'Laxmi Vam', 'Vamanjoor', 'N', NULL);
INSERT INTO `suppliers` VALUES (576, 'Sagar Gen Vam', 'Vamanjoor', 'N', NULL);
INSERT INTO `suppliers` VALUES (577, 'Amrutheshwara gen Vam', 'Vamanjoor', 'N', NULL);
INSERT INTO `suppliers` VALUES (578, 'Sri Devi Kripa Vam', 'Vamanjoor', 'N', NULL);
INSERT INTO `suppliers` VALUES (579, 'K.K Ent Vam', 'Vamanjoor', 'N', NULL);
INSERT INTO `suppliers` VALUES (580, 'Bake N Shake Baik', 'Baikampady', 'N', NULL);
INSERT INTO `suppliers` VALUES (581, 'Katipalla super Bzr', 'Baikampady', 'N', NULL);
INSERT INTO `suppliers` VALUES (582, 'Hotel Biriyani Baik', 'Baikampady', 'Y', NULL);
INSERT INTO `suppliers` VALUES (583, 'Shabari', 'Baikampady', 'N', NULL);
INSERT INTO `suppliers` VALUES (584, 'Kulluganana', 'Baikampady', 'N', NULL);
INSERT INTO `suppliers` VALUES (585, 'Chintu Dhaba', 'Baikampady', 'N', NULL);
INSERT INTO `suppliers` VALUES (586, 'Bonda Shop', 'Baikampady', 'N', NULL);
INSERT INTO `suppliers` VALUES (587, 'Fresh Fruits', 'Baikampady', 'N', NULL);
INSERT INTO `suppliers` VALUES (588, 'Cafeteria', 'Baikampady', 'N', NULL);
INSERT INTO `suppliers` VALUES (589, 'Nanda Deepa', 'Baikampady', 'Y', NULL);
INSERT INTO `suppliers` VALUES (590, 'Eight /11', 'Baikampady', 'N', NULL);
INSERT INTO `suppliers` VALUES (591, 'Shri Sai Baik', 'Baikampady', 'N', NULL);
INSERT INTO `suppliers` VALUES (592, 'Souza Baik', 'Baikampady', 'N', NULL);
INSERT INTO `suppliers` VALUES (593, 'Prince Gen', 'Baikampady', 'N', NULL);
INSERT INTO `suppliers` VALUES (594, 'Panambur Food', 'Baikampady', 'N', NULL);
INSERT INTO `suppliers` VALUES (595, 'Badriya Baik', 'Baikampady', 'N', NULL);
INSERT INTO `suppliers` VALUES (596, 'A J Baik', 'Baikampady', 'N', NULL);
INSERT INTO `suppliers` VALUES (597, 'Jayanth Amin', 'Baikampady', 'N', NULL);
INSERT INTO `suppliers` VALUES (598, 'VB Iyy Baik', 'Baikampady', 'N', NULL);
INSERT INTO `suppliers` VALUES (599, 'Supriya Bar', 'Baikampady', 'N', NULL);
INSERT INTO `suppliers` VALUES (600, 'Chamundi Baik', 'Baikampady', 'N', NULL);
INSERT INTO `suppliers` VALUES (601, 'Gajanana Baik', 'Baikampady', 'N', NULL);
INSERT INTO `suppliers` VALUES (602, 'New br BKRY', 'KULOOR', 'N', NULL);
INSERT INTO `suppliers` VALUES (603, 'SLV Iyy Baik', 'Baikampady', 'N', NULL);
INSERT INTO `suppliers` VALUES (604, 'Vejendraa Preseller', 'Kuloor', 'N', NULL);
INSERT INTO `suppliers` VALUES (605, 'SRI SAI GEN (KULOOR)', 'KULOOR', 'N', NULL);
INSERT INTO `suppliers` VALUES (606, 'VIJENDRA', 'KULOOR', 'N', NULL);
INSERT INTO `suppliers` VALUES (607, 'Hotel abhinandan(kuloor)', 'KULOOR', 'N', NULL);
INSERT INTO `suppliers` VALUES (608, 'krishna iyy (kuloor)', 'KULOOR', 'N', NULL);
INSERT INTO `suppliers` VALUES (609, 'sri devi kateel (kuloor)', 'KULOOR', 'N', NULL);
INSERT INTO `suppliers` VALUES (610, 'sri durga (mulky)', 'KULOOR', 'N', NULL);
INSERT INTO `suppliers` VALUES (611, 'panchadurga', 'KULOOR', 'N', NULL);
INSERT INTO `suppliers` VALUES (612, 'Samrudhi(surathkal)', 'surathkal', 'N', NULL);
INSERT INTO `suppliers` VALUES (613, 'Ruchitha', 'surathkal', 'N', NULL);
INSERT INTO `suppliers` VALUES (614, 'suvarna (surathkal)', 'surathkal', 'N', NULL);
INSERT INTO `suppliers` VALUES (615, 'patel(surathkal)', 'surathkal', 'N', NULL);
INSERT INTO `suppliers` VALUES (616, 'tikka hut', 'surathkal', 'N', NULL);
INSERT INTO `suppliers` VALUES (617, 'souza bkry (surathkal)', 'surathkal', 'N', NULL);
INSERT INTO `suppliers` VALUES (618, 'kaveri soda shop', 'surathkal', 'N', NULL);
INSERT INTO `suppliers` VALUES (619, 'kaveri soda (surathkal)', 'surathkal', 'N', NULL);
INSERT INTO `suppliers` VALUES (620, 'durga bkry (surathkal)', 'surathkal', 'N', NULL);
INSERT INTO `suppliers` VALUES (621, 'sai bazar (surathkal)', 'surathkal', 'N', NULL);
INSERT INTO `suppliers` VALUES (622, 'walk in (surathkal)', 'surathkal', 'N', NULL);
INSERT INTO `suppliers` VALUES (623, 'H.BL', 'surathkal', 'N', NULL);
INSERT INTO `suppliers` VALUES (624, 'BLACK(SURATHKAL)', 'surathkal', 'N', 'word1');
INSERT INTO `suppliers` VALUES (625, 'Lalith', 'surathkal', 'N', 'word1');
INSERT INTO `suppliers` VALUES (626, 'gowtham', 'surathkal', 'N', 'word1');
INSERT INTO `suppliers` VALUES (627, 'sharath bar(surathkal)', 'surathkal', 'N', 'word1');
INSERT INTO `suppliers` VALUES (628, 'Red rock (surathkal)', 'surathkal', 'N', 'word1');
INSERT INTO `suppliers` VALUES (629, 'Devanidhi', 'surathkal', 'N', 'word1');
INSERT INTO `suppliers` VALUES (630, 'galaxy', 'surathkal', 'N', 'word1');
INSERT INTO `suppliers` VALUES (631, 'alva (surathkal)', 'surathkal', 'N', 'word1');
INSERT INTO `suppliers` VALUES (632, 'bharath ck (surathkal)', 'surathkal', 'N', 'word1');
INSERT INTO `suppliers` VALUES (633, 'Anvi (surathkal)', 'surathkal', 'N', 'word1');
INSERT INTO `suppliers` VALUES (634, 'surya(surathkal)', 'surathkal', 'N', 'word1');
INSERT INTO `suppliers` VALUES (635, 'sarathi(surathkal)', 'surathkal', 'N', 'word1');
INSERT INTO `suppliers` VALUES (636, 'garuda bar', 'surathkal', 'N', 'word1');
INSERT INTO `suppliers` VALUES (637, 'Akshaya bar (surathkal)', '', 'N', 'word1');
INSERT INTO `suppliers` VALUES (638, 'shreyas', 'surathkal', 'N', 'word1');
INSERT INTO `suppliers` VALUES (639, 'Bus stand (surathkal)', 'surathkal', 'N', 'word1');
INSERT INTO `suppliers` VALUES (640, 'sadananda', 'surathkal', 'N', 'word1');
INSERT INTO `suppliers` VALUES (641, 'shan bhag', 'surathkal', 'N', 'word1');
INSERT INTO `suppliers` VALUES (642, 'Sri ragavendra', 'surathkal', 'N', 'word1');
INSERT INTO `suppliers` VALUES (643, 'Navashakthi', '', 'N', 'word1');
INSERT INTO `suppliers` VALUES (644, 'kiran', 'surathkal', 'N', 'word1');
INSERT INTO `suppliers` VALUES (645, 'prajwal (surathkal)', 'surathkal', 'N', 'word1');
INSERT INTO `suppliers` VALUES (646, 'food land(surathkal)', 'surathkal', 'N', NULL);
INSERT INTO `suppliers` VALUES (647, 'IYY BKRY (surathkal)', 'surathkal', 'N', NULL);
INSERT INTO `suppliers` VALUES (648, 'karnataka bkry (surathkal)', 'surathkal', 'N', NULL);
INSERT INTO `suppliers` VALUES (649, 'sharath bar', 'surathkal', 'N', NULL);
INSERT INTO `suppliers` VALUES (650, 'kateeleshwari(surathkal)', 'surathkal', 'N', NULL);
INSERT INTO `suppliers` VALUES (651, 'prashanth(surathkal)', 'surathkal', 'N', NULL);
INSERT INTO `suppliers` VALUES (652, 'suraj', 'surathkal', 'N', NULL);
INSERT INTO `suppliers` VALUES (653, 'Ragavendra', 'surathkal', 'N', NULL);
INSERT INTO `suppliers` VALUES (654, 'pizza(surathkal)', 'surathkal', 'N', NULL);
INSERT INTO `suppliers` VALUES (655, 'new souza (surathkal)', 'surathkal', 'N', NULL);
INSERT INTO `suppliers` VALUES (656, 'marwa (surathkal)', 'surathkal', 'N', NULL);
INSERT INTO `suppliers` VALUES (657, 'vinod cold', 'surathkal', 'N', NULL);
INSERT INTO `suppliers` VALUES (658, 'spicey (surathkal)', 'surathkal', 'N', NULL);
INSERT INTO `suppliers` VALUES (659, 'Anvi juice', 'surathkal', 'N', NULL);
INSERT INTO `suppliers` VALUES (660, 'Ramleela (surathkal)', 'surathkal', 'N', NULL);
INSERT INTO `suppliers` VALUES (661, 'samrudhi canteen', 'surathkal', 'N', NULL);
INSERT INTO `suppliers` VALUES (662, 'H.Rachitha', 'surathkal', 'N', NULL);
INSERT INTO `suppliers` VALUES (663, 'Govindasa', 'surathkal', 'N', NULL);
INSERT INTO `suppliers` VALUES (664, 'SADANDA', 'surathkal', 'N', NULL);
INSERT INTO `suppliers` VALUES (665, 'Bagavathi(surathkal)', 'surathkal', 'N', NULL);
INSERT INTO `suppliers` VALUES (666, 'durga nandini(surathkal)', 'surathkal', 'N', NULL);
INSERT INTO `suppliers` VALUES (667, 'COASTAL (SURATHKAL)', 'surathkal', 'N', NULL);
INSERT INTO `suppliers` VALUES (668, 'Bhoomi', 'surathkal', 'N', NULL);
INSERT INTO `suppliers` VALUES (669, 'vailankani(surathkal)', 'surathkal', 'N', NULL);
INSERT INTO `suppliers` VALUES (670, 'Likitha(surathkal)', 'surathkal', 'N', NULL);
INSERT INTO `suppliers` VALUES (671, 'Galaxy (surathkal)', 'surathkal', 'N', NULL);
INSERT INTO `suppliers` VALUES (672, 'reddy', 'surathkal', 'N', NULL);
INSERT INTO `suppliers` VALUES (673, 'Naturals (surathkal)', 'surathkal', 'N', NULL);
INSERT INTO `suppliers` VALUES (674, 'S G MP', 'surathkal', 'N', NULL);
INSERT INTO `suppliers` VALUES (675, 'K P', 'surathkal', 'N', NULL);
INSERT INTO `suppliers` VALUES (676, 'sri vari(surathkal)', 'surathkal', 'N', 'word1');
INSERT INTO `suppliers` VALUES (677, 'Nandini milk', 'surathkal', 'N', 'word1');
INSERT INTO `suppliers` VALUES (678, 'pallavi', 'surathkal', 'N', 'word1');
INSERT INTO `suppliers` VALUES (679, 'HI BAKE', 'surathkal', 'N', 'word1');
INSERT INTO `suppliers` VALUES (680, 'Najrana', 'surathkal', 'N', 'word1');
INSERT INTO `suppliers` VALUES (681, 'Juice box(sur)', 'surathkal', 'N', 'word1');
INSERT INTO `suppliers` VALUES (682, 'pavithram', 'surathkal', 'N', 'word1');
INSERT INTO `suppliers` VALUES (683, 'k n shetty', 'surathkal', 'N', 'word1');
INSERT INTO `suppliers` VALUES (684, 'sathya', 'surathkal', 'N', 'word1');
INSERT INTO `suppliers` VALUES (685, 'gokuladham', 'surathkal', 'N', 'word1');
INSERT INTO `suppliers` VALUES (686, 'subha(sur)', '', 'N', 'word1');
INSERT INTO `suppliers` VALUES (687, 'pooja kamal', '', 'N', 'word1');
INSERT INTO `suppliers` VALUES (688, 'sdfs', 'sdfse', 'N', 'word1');
INSERT INTO `suppliers` VALUES (689, 'sdfs', 'sdfse', 'N', 'word1');
INSERT INTO `suppliers` VALUES (690, 'sdfs', 'sdfse', 'N', 'word1');
INSERT INTO `suppliers` VALUES (691, 'sdfs', 'sdfse', 'N', 'word1');
INSERT INTO `suppliers` VALUES (692, 'sdfs', 'sdfse', 'N', 'word1');
INSERT INTO `suppliers` VALUES (693, 'sdfs', 'sdfse', 'N', 'word1');
INSERT INTO `suppliers` VALUES (694, 'sdfs', 'sdfse', 'N', 'word1');
INSERT INTO `suppliers` VALUES (695, 'sdfs', 'sdfse', 'N', 'word1');
INSERT INTO `suppliers` VALUES (696, 'ds', 'sdfe', 'N', 'word1');
INSERT INTO `suppliers` VALUES (697, 'ds', 'sdfe', 'N', 'word1');
INSERT INTO `suppliers` VALUES (698, 'ds', 'sdfe', 'N', 'word1');
INSERT INTO `suppliers` VALUES (699, 'ds', 'sdfe', 'N', 'word1');
INSERT INTO `suppliers` VALUES (700, 'ds', 'sdfe', 'N', 'word1');
INSERT INTO `suppliers` VALUES (701, '', 'ds', 'N', 'word1');
INSERT INTO `suppliers` VALUES (702, 'sadwad', 'wa', 'N', 'word1');
INSERT INTO `suppliers` VALUES (703, 'sadwad', 'wa', 'N', 'word1');
INSERT INTO `suppliers` VALUES (704, 'dsf', 'fse', 'N', 'word1');
INSERT INTO `suppliers` VALUES (705, 'dsfse', 'fseefse', 'N', 'word1');
INSERT INTO `suppliers` VALUES (707, 'efaerag', 'ageraer', 'N', 'word1');
INSERT INTO `suppliers` VALUES (708, 'asefeseefsefsefef', 'saefea', 'N', 'word1');
INSERT INTO `suppliers` VALUES (709, 'sfe', 'esfegesfef', 'N', 'word1');
INSERT INTO `suppliers` VALUES (711, 'df', 'esf', 'N', 'word1');
INSERT INTO `suppliers` VALUES (712, 'sfseffeefawdwd', '5dgr', 'N', 'word1');
INSERT INTO `suppliers` VALUES (713, 'aeage', 'aefaef', 'N', 'word1');
INSERT INTO `suppliers` VALUES (714, 'Ashwith', 'Manglore', 'N', 'word1');
INSERT INTO `suppliers` VALUES (715, 'New modern', 'Vamanjor', 'N', 'word1');
INSERT INTO `suppliers` VALUES (717, 'New modern', 'Vamanjor', 'N', 'word1');
INSERT INTO `suppliers` VALUES (723, 'New modern', 'Vamanjor', 'N', 'word1');
INSERT INTO `suppliers` VALUES (724, 'Ashu', 'Kadaba', 'N', 'word1');
INSERT INTO `suppliers` VALUES (725, 'New modern', 'Vamanjor', 'N', '0502798426');
INSERT INTO `suppliers` VALUES (726, 'New', 'Vamanjor', 'N', '05027984261');
INSERT INTO `suppliers` VALUES (727, 'jackson', 'workd`', 'N', '39233lkf32');
INSERT INTO `suppliers` VALUES (728, 'aef', 'aefa', 'N', 'aefaefaef');
INSERT INTO `suppliers` VALUES (729, 'New modern', 'Vamanjor', 'N', '05027984');
INSERT INTO `suppliers` VALUES (730, '24 Carat resto bar', 'Baikampady', 'N', '505275483');
INSERT INTO `suppliers` VALUES (731, '6 ELEVEN CONVENIENCE STORE', 'KSR Road', 'N', '504493954');
INSERT INTO `suppliers` VALUES (732, '7 TH HEAVEN', 'KSR Road', 'N', '504276039');
INSERT INTO `suppliers` VALUES (733, '8 ELEVEN', 'Baikampady', 'N', '503968188');
INSERT INTO `suppliers` VALUES (734, '8th A General Store', 'Kuloor', 'N', '505037767');
INSERT INTO `suppliers` VALUES (736, 'A K GENRAL STORE', 'Bajpe', 'N', '500054326');
INSERT INTO `suppliers` VALUES (737, 'A K STORE', 'Baikampady', 'N', '503050578');
INSERT INTO `suppliers` VALUES (738, 'A one store', 'Surthkal', 'Y', '504895285');
INSERT INTO `suppliers` VALUES (739, 'AMRITH BAR', 'Vamanjoor', 'Y', '');
INSERT INTO `suppliers` VALUES (740, 'ZHang shai', 'Vamanjor', 'Y', '05027984');
INSERT INTO `suppliers` VALUES (741, 'kuao', 'Vamanjor', 'Y', '05027984');
INSERT INTO `suppliers` VALUES (744, 'B N STORE', '', 'Y', '');
INSERT INTO `suppliers` VALUES (745, 'Jang', 'Vamanjor', 'Y', '05027984');
INSERT INTO `suppliers` VALUES (746, 'Marcus', 'world', 'N', 'sfe5sef5g');
INSERT INTO `suppliers` VALUES (750, 'Nali', 'eow', 'N', '0502798412');
INSERT INTO `suppliers` VALUES (751, 'AMAN WINES', 'Surthkal', 'N', '500047696');

-- ----------------------------
-- Table structure for supply
-- ----------------------------
DROP TABLE IF EXISTS `supply`;
CREATE TABLE `supply`  (
  `id` int UNSIGNED NOT NULL AUTO_INCREMENT,
  `suppliers_id` bigint NOT NULL,
  `particulars` varchar(30) CHARACTER SET utf8mb4 COLLATE utf8mb4_general_ci NOT NULL,
  `quantity` varchar(30) CHARACTER SET utf8mb4 COLLATE utf8mb4_general_ci NOT NULL,
  `debit` decimal(30, 0) NOT NULL,
  `credit` decimal(30, 0) NOT NULL,
  `date` date NULL DEFAULT NULL,
  `CustomerCode` varchar(20) CHARACTER SET utf8mb4 COLLATE utf8mb4_general_ci NULL DEFAULT NULL,
  PRIMARY KEY (`id`) USING BTREE
) ENGINE = InnoDB AUTO_INCREMENT = 181 CHARACTER SET = utf8mb4 COLLATE = utf8mb4_general_ci ROW_FORMAT = Dynamic;

-- ----------------------------
-- Records of supply
-- ----------------------------
INSERT INTO `supply` VALUES (1, 704, 'sdf', 'sef', 4, 5, '2023-04-04', NULL);
INSERT INTO `supply` VALUES (2, 710, 'safe', 'aef', 4, 5, '2023-03-27', NULL);
INSERT INTO `supply` VALUES (3, 712, 'adfa', 'aefea', 3, 55, '2023-04-04', NULL);
INSERT INTO `supply` VALUES (4, 712, 'sdfa', 'aef', 60, 400, '2023-04-04', NULL);
INSERT INTO `supply` VALUES (5, 712, 'dfg', 'dgr', 3, 6, '2023-04-06', NULL);
INSERT INTO `supply` VALUES (6, 712, 'dsg', 'sgdr', 4, 4, '2023-04-04', NULL);
INSERT INTO `supply` VALUES (7, 712, 'adfeaf', 'aef', 4, 4, '2023-04-03', NULL);
INSERT INTO `supply` VALUES (8, 712, 'afe', 'aef', 3, 3, '2023-03-27', NULL);
INSERT INTO `supply` VALUES (9, 712, 'afe', 'eaf', 5, 5, '2023-03-28', NULL);
INSERT INTO `supply` VALUES (10, 711, 'se', 'sef', 3, 4, '2023-04-04', NULL);
INSERT INTO `supply` VALUES (11, 711, 'sfa', 'eaf', 3, 5, '2023-03-27', NULL);
INSERT INTO `supply` VALUES (12, 711, 'ae', 'aef', 4, 4, '2023-03-28', NULL);
INSERT INTO `supply` VALUES (13, 711, 'afe', 'aef', 3, 1, '2023-04-04', NULL);
INSERT INTO `supply` VALUES (14, 711, 'sdf', 'sfe', 3, 4, '2023-03-28', NULL);
INSERT INTO `supply` VALUES (15, 709, 'sfe', 'ef', 3, 5, '2023-04-04', NULL);
INSERT INTO `supply` VALUES (16, 709, 'sf', 'esf', 4, 5, '2023-04-12', NULL);
INSERT INTO `supply` VALUES (17, 712, 'af', 'eaf', 3, 4, '2023-04-04', NULL);
INSERT INTO `supply` VALUES (18, 713, 'sdf', 'sef', 0, 0, '2023-03-28', NULL);
INSERT INTO `supply` VALUES (19, 704, 'sdf', 'sfesf', 0, 0, '2023-03-28', NULL);
INSERT INTO `supply` VALUES (20, 704, 'sdf', 'sef', 0, 0, '2023-03-28', NULL);
INSERT INTO `supply` VALUES (21, 703, 'sdf', '5', 0, 0, '2023-03-28', NULL);
INSERT INTO `supply` VALUES (22, 703, 'sdf', 'efaaef', 0, 0, '2023-03-28', NULL);
INSERT INTO `supply` VALUES (23, 703, 'sdf', '5', 0, 0, '2023-03-28', NULL);
INSERT INTO `supply` VALUES (24, 704, 'sdf', '2023-04-04', 0, 0, '2023-03-28', NULL);
INSERT INTO `supply` VALUES (25, 704, 'sdf', '4', 0, 0, '2023-03-28', NULL);
INSERT INTO `supply` VALUES (26, 704, 'sdf', 'efaaef', 4, 5, '2023-04-04', NULL);
INSERT INTO `supply` VALUES (27, 704, 'sf', 'efaaef', 4, 5, '2023-04-04', NULL);
INSERT INTO `supply` VALUES (28, 712, 'csdf', 'sefes', 4, 6, '2023-04-04', NULL);
INSERT INTO `supply` VALUES (29, 712, 'dsf', 'sef', 4, 5, '2023-04-05', NULL);
INSERT INTO `supply` VALUES (30, 712, 'sf', 'efaaef', 4, 5, '2023-04-04', NULL);
INSERT INTO `supply` VALUES (31, 712, 'sf', 'efaaef', 4, 7, '2023-04-04', NULL);
INSERT INTO `supply` VALUES (32, 712, 'sf', 'efaaef', 4, 7, '2023-04-04', NULL);
INSERT INTO `supply` VALUES (33, 712, 'sf', 'efaaef', 4, 7, '2023-04-04', NULL);
INSERT INTO `supply` VALUES (34, 712, 'sf', 'efaaef', 4, 7, '2023-04-04', NULL);
INSERT INTO `supply` VALUES (35, 712, 'sf', 'efaaef', 4, 7, '2023-04-04', NULL);
INSERT INTO `supply` VALUES (36, 712, 'sf', 'efaaef', 4, 7, '2023-04-04', NULL);
INSERT INTO `supply` VALUES (37, 712, 'sf', 'efaaef', 4, 7, '2023-04-04', NULL);
INSERT INTO `supply` VALUES (38, 711, 'sf', 'sdssf', 7, 0, '2023-04-04', NULL);
INSERT INTO `supply` VALUES (39, 712, 'sf', 'efaaef', 4, 7, '2023-04-05', NULL);
INSERT INTO `supply` VALUES (40, 711, 's', 'sdssf', 7, 0, '2023-04-05', NULL);
INSERT INTO `supply` VALUES (41, 712, 'sf', 'efaaef', 4, 7, '2023-04-05', NULL);
INSERT INTO `supply` VALUES (42, 711, 's', 'sdssf', 7, 0, '2023-04-05', NULL);
INSERT INTO `supply` VALUES (43, 712, 'sf', 'efaaef', 4, 7, '2023-04-05', NULL);
INSERT INTO `supply` VALUES (44, 711, 's', 'sdssf', 7, 0, '2023-04-05', 'c');
INSERT INTO `supply` VALUES (45, 712, 'sf', 'efaaef', 4, 7, '2023-04-05', 'sc');
INSERT INTO `supply` VALUES (46, 711, 's', 'sdssf', 7, 0, '2023-04-05', NULL);
INSERT INTO `supply` VALUES (47, 712, 'sf', 'efaaef', 4, 7, '2023-04-05', NULL);
INSERT INTO `supply` VALUES (48, 711, 's', 'sdssf', 7, 0, '2023-04-05', NULL);
INSERT INTO `supply` VALUES (49, 712, 'sf', 'efaaef', 4, 7, '2023-04-05', NULL);
INSERT INTO `supply` VALUES (50, 711, 's', 'sdssf', 7, 0, '2023-04-05', NULL);
INSERT INTO `supply` VALUES (59, 714, 'New test 7 4 23', 'Ash', 100, 1000, '2023-04-07', NULL);
INSERT INTO `supply` VALUES (60, 714, 'New test 7 4 23', 'Ash', 0, 1000, '2023-04-07', NULL);
INSERT INTO `supply` VALUES (61, 714, '2New test 7 4 23', '123', 200, 0, '2023-04-07', NULL);
INSERT INTO `supply` VALUES (64, 714, 'wd', 'adw', 200, 1000, '2023-04-08', NULL);
INSERT INTO `supply` VALUES (93, 724, 'new', 'hi', 0, 1000, '2023-04-11', NULL);
INSERT INTO `supply` VALUES (94, 724, 'new1', 'hi1', 300, 0, '2023-04-12', NULL);
INSERT INTO `supply` VALUES (99, 727, '1', '1', 20, 1000, '2023-04-13', '39233lkf32');
INSERT INTO `supply` VALUES (100, 727, '1', '1', 2, 10, '2023-04-11', '39233lkf32');
INSERT INTO `supply` VALUES (101, 727, '1', '1', 10, 110, '2023-04-12', '39233lkf32');
INSERT INTO `supply` VALUES (102, 725, 'P14INV-2302597', 'Ashwith', 100, 1000, '2023-04-12', '0502798426');
INSERT INTO `supply` VALUES (103, 725, 'P14INV-2302597', 'Ashwith', 100, 1000, '2023-04-12', '0502798426');
INSERT INTO `supply` VALUES (104, 0, 'P14INV-2302597', 'Ashwith', 100, 1000, '2023-04-12', '0502798426');
INSERT INTO `supply` VALUES (105, 0, 'P14INV-2302597', 'Ashwith', 100, 1000, '2023-04-12', '0502798426');
INSERT INTO `supply` VALUES (106, 725, 'P14INV-2302597', 'Ashwith', 100, 1000, '2023-04-12', '0502798426');
INSERT INTO `supply` VALUES (107, 725, 'P14INV-2302597', 'Ashwith', 100, 1000, '2023-04-12', '0502798426');
INSERT INTO `supply` VALUES (108, 725, 'P14INV-2302597', 'Ashwith', 100, 1000, '2023-04-12', '0502798426');
INSERT INTO `supply` VALUES (109, 725, 'P14INV-2302597', 'Ashwith', 100, 1000, '2023-04-12', '0502798426');
INSERT INTO `supply` VALUES (110, 730, '', '', 0, 1000, '2023-04-12', '505275483');
INSERT INTO `supply` VALUES (111, 731, '', '', 0, 7000, '2023-04-12', '504493954');
INSERT INTO `supply` VALUES (112, 732, '', '', 0, 5000, '2023-04-12', '504276039');
INSERT INTO `supply` VALUES (113, 733, '', '', 0, 10000, '2023-04-12', '503968188');
INSERT INTO `supply` VALUES (114, 734, '', '', 0, 3000, '2023-04-12', '505037767');
INSERT INTO `supply` VALUES (115, 735, '', '', 0, 750, '2023-04-12', '503968187');
INSERT INTO `supply` VALUES (116, 736, '', '', 0, 2000, '2023-04-12', '500054326');
INSERT INTO `supply` VALUES (117, 737, '', '', 0, 4500, '2023-04-12', '503050578');
INSERT INTO `supply` VALUES (118, 738, '', '', 0, 6000, '2023-04-12', '504895285');
INSERT INTO `supply` VALUES (119, 731, '', '', 2000, 0, '2023-04-12', '504493954');
INSERT INTO `supply` VALUES (120, 732, '', '', 1000, 0, '2023-04-12', '504276039');
INSERT INTO `supply` VALUES (121, 733, '', '', 5000, 0, '2023-04-12', '503968188');
INSERT INTO `supply` VALUES (122, 734, '', '', 800, 0, '2023-04-12', '505037767');
INSERT INTO `supply` VALUES (123, 0, '', '', 0, 1000, '2023-04-12', '504474009');
INSERT INTO `supply` VALUES (124, 0, '', '', 0, 1000, '2023-04-12', '500047696');
INSERT INTO `supply` VALUES (125, 739, '', '', 10, 100, '2023-04-11', '');
INSERT INTO `supply` VALUES (137, 725, 'P14INV-2302597', 'Ashwith', 100, 1000, '2023-04-08', '0502798426');
INSERT INTO `supply` VALUES (138, 725, 'P14INV-2302597', 'Ashwith', 100, 1000, '2023-04-07', '0502798426');
INSERT INTO `supply` VALUES (139, 725, 'P14INV-2302597', 'Ashwith', 100, 1000, '2023-04-07', '0502798426');
INSERT INTO `supply` VALUES (140, 744, '', '', 0, 1000, '2023-04-13', '');
INSERT INTO `supply` VALUES (141, 725, 'P14INV-2302597', 'Ashwith', 100, 1000, '2023-04-07', '0502798426');
INSERT INTO `supply` VALUES (142, 725, 'P14INV-2302597', 'Ashwith', 100, 1000, '2023-04-07', '0502798426');
INSERT INTO `supply` VALUES (143, 725, 'P14INV-2302597', 'Ashwith', 100, 1000, '2023-04-07', '0502798426');
INSERT INTO `supply` VALUES (144, 725, 'P14INV-2302597', 'Ashwith', 100, 1000, '2023-04-07', '0502798426');
INSERT INTO `supply` VALUES (145, 725, 'P14INV-2302597', 'Ashwith', 100, 1000, '2023-04-07', '0502798426');
INSERT INTO `supply` VALUES (148, 725, 'P14INV-2302597', 'Ashwith', 100, 1000, '2023-04-07', '0502798426');
INSERT INTO `supply` VALUES (149, 725, 'P14INV-2302597', 'Ashwith', 100, 1000, '2023-04-08', '0502798426');
INSERT INTO `supply` VALUES (150, 725, 'P14INV-2302597', 'Ashwith', 100, 1000, '2023-04-06', '0502798426');
INSERT INTO `supply` VALUES (151, 725, 'P14INV-2302597', 'Ashwith', 100, 1000, '2023-04-09', '0502798426');
INSERT INTO `supply` VALUES (152, 725, 'P14INV-2302597', 'Ashwith', 100, 1000, '2023-04-09', '0502798426');
INSERT INTO `supply` VALUES (154, 725, 'P14INV-2302597', 'Ashwith', 100, 1000, '2023-04-09', '0502798426');
INSERT INTO `supply` VALUES (155, 725, 'P14INV-2302597', 'Ashwith', 100, 1000, '2023-04-09', '0502798426');
INSERT INTO `supply` VALUES (156, 725, 'P14INV-2302597', 'Ashwith', 100, 1000, '2023-04-09', '0502798426');
INSERT INTO `supply` VALUES (157, 725, 'P14INV-2302597', 'Ashwith', 100, 1000, '2023-04-09', '0502798426');
INSERT INTO `supply` VALUES (158, 725, 'P14INV-2302597', 'Ashwith', 100, 1000, '2023-04-09', '0502798426');
INSERT INTO `supply` VALUES (159, 725, 'P14INV-2302597', 'Ashwith', 100, 1000, '2023-04-09', '0502798426');
INSERT INTO `supply` VALUES (160, 0, '', '', 0, 0, '1970-01-01', '');
INSERT INTO `supply` VALUES (161, 0, 'P14INV-2302597', 'Ashwith', 100, 1000, '2023-04-09', '0502798426');
INSERT INTO `supply` VALUES (163, 725, 'P14INV-2302597', 'Ashwith', 100, 1000, '2023-04-09', '0502798426');
INSERT INTO `supply` VALUES (165, 725, 'P14INV-2302597', 'Ashwith', 100, 1000, '2023-04-09', '0502798426');
INSERT INTO `supply` VALUES (167, 725, 'P14INV-2302597', 'Ashwith', 100, 1000, '2023-04-09', '0502798426');
INSERT INTO `supply` VALUES (169, 725, 'P14INV-2302597', 'Ashwith', 100, 1000, '2023-04-09', '0502798426');
INSERT INTO `supply` VALUES (170, 725, 'P14INV-2302597', 'Ashwith', 100, 1000, '2023-04-09', '0502798426');
INSERT INTO `supply` VALUES (171, 725, 'P14INV-2302597', 'Ashwith', 100, 1000, '2023-04-09', '0502798426');
INSERT INTO `supply` VALUES (172, 725, 'P14INV-2302597', 'Ashwith', 100, 1000, '2023-04-09', '0502798426');
INSERT INTO `supply` VALUES (173, 715, 'sefse', 'sf', 0, 1000, '2023-04-15', '0502798426');
INSERT INTO `supply` VALUES (174, 733, '', '', 0, 1000, '2023-04-14', '503968188');
INSERT INTO `supply` VALUES (175, 751, '', '', 0, 1000, '2023-04-14', '500047696');
INSERT INTO `supply` VALUES (176, 751, '', '', 0, 1000, '2023-04-14', '500047696');
INSERT INTO `supply` VALUES (177, 715, 'sefse', 'sf', 0, 1000, '2023-04-15', '0502798426');
INSERT INTO `supply` VALUES (178, 715, 'sefse', 'sf', 0, 1000, '2023-04-15', '0502798426');
INSERT INTO `supply` VALUES (179, 715, 'sefse', 'sf', 0, 1000, '2023-04-15', '0502798426');
INSERT INTO `supply` VALUES (180, 751, '', '', 0, 50, '2023-04-14', '500047696');

-- ----------------------------
-- Table structure for tblsessions
-- ----------------------------
DROP TABLE IF EXISTS `tblsessions`;
CREATE TABLE `tblsessions`  (
  `id` bigint NOT NULL AUTO_INCREMENT COMMENT 'Session ID',
  `userid` bigint NOT NULL COMMENT 'User ID',
  `accesstoken` varchar(100) CHARACTER SET utf8 COLLATE utf8_bin NOT NULL COMMENT 'Access Token',
  `accesstokenexpiry` datetime NOT NULL COMMENT 'Access Token Expiry Date/Time',
  PRIMARY KEY (`id`) USING BTREE,
  UNIQUE INDEX `accesstoken`(`accesstoken`) USING BTREE,
  INDEX `sessionuserid_fk`(`userid`) USING BTREE,
  CONSTRAINT `sessionuserid_fk` FOREIGN KEY (`userid`) REFERENCES `tblusers` (`id`) ON DELETE RESTRICT ON UPDATE RESTRICT
) ENGINE = InnoDB AUTO_INCREMENT = 127 CHARACTER SET = utf8 COLLATE = utf8_general_ci ROW_FORMAT = Dynamic;

-- ----------------------------
-- Records of tblsessions
-- ----------------------------
INSERT INTO `tblsessions` VALUES (1, 1, 'MTFmYjY3M2EwNmI5OWQ4NmQzNGRkOWQyYzU5MTVhYzQzZjYyNjJhMDk3MTE2YmNjMTY2NTA0MjM5Mg==', '2022-10-07 09:46:32');
INSERT INTO `tblsessions` VALUES (2, 1, 'MTIyMjdmZTNmNzlkMTAxNGI4YmY5ZmYzY2U1ZDYxY2E3NTBlZjMwZWFmNWNiMTk5MTY2NTA1ODIwMg==', '2022-10-07 14:10:02');
INSERT INTO `tblsessions` VALUES (3, 1, 'NDVmZDc1MWEwZDdmOTFhYjk4OGZmOGVkYWE1ZTYwYmM4NDkzZDRiMWViZTNkMGY4MTY2NTA1ODI1NA==', '2022-10-07 14:10:54');
INSERT INTO `tblsessions` VALUES (4, 1, 'OWY0YzFmZjVhZTM3MWZmMTQ1ZTY1Y2ZhOGYxYWI1ODNiOGE3ZWVmZGYwZTU2YmU3MTY2NTA2NzU5OA==', '2022-10-07 16:46:38');
INSERT INTO `tblsessions` VALUES (5, 1, 'ZTkyZDQ0NTI4Y2VmMTA0ZjkyNmQ5NTgzOWM2MmQxMTZkMTMxODMxMDRlMzk0YzMxMTY2NTA2ODY2MQ==', '2022-10-07 17:04:21');
INSERT INTO `tblsessions` VALUES (6, 1, 'ZDk1MmUxOWQ1NDE2MmNiNWIzOWUwYzgwZWMyZTY2NjFkZDFiYWE3ZGQ3NzYyYjFkMTY2NTA3OTE4MQ==', '2022-10-07 19:59:41');
INSERT INTO `tblsessions` VALUES (7, 1, 'ZTQyOWMzYTdkZjYyNmUzODRkNmM0OTI1NDQ1MjQ4YTU1Yzc0ZWM5N2ViOWJlYjU4MTY2NTExNjEzOQ==', '2022-10-08 06:15:39');
INSERT INTO `tblsessions` VALUES (8, 1, 'MzQwZWJiMjI3MmY2MDIyNzdlYjU1NDI0ODkzNWM1Y2ZmYTNiMmRjNmYzNTU4NjQ4MTY2NTE0MjM4Ng==', '2022-10-08 13:33:06');
INSERT INTO `tblsessions` VALUES (9, 1, 'YTMyYTdhNDJlMjBmZmNjOWZlNDNiMmU1ZjQwZTg3YTkxODFmYzYwOGMwOTQyOGYxMTY2NTIyNTMwMw==', '2022-10-09 12:35:03');
INSERT INTO `tblsessions` VALUES (10, 1, 'OGRjMzIxMDYzMGQwZWI5ZjJlNjFjZjk4OWI5ZGMyZDM1MDljZTllZjEwNTBlYzM4MTY2NTQ3MjE4MA==', '2022-10-12 09:09:40');
INSERT INTO `tblsessions` VALUES (11, 1, 'Yzk3NjdiNmY4MWY0YzA0Mjk1ODgyN2QzMGQ3MjVjMDMzZjVjNWQ0MmNjNGU2NjY0MTY2NTQ3MjU2Nw==', '2022-10-12 09:16:07');
INSERT INTO `tblsessions` VALUES (12, 1, 'Mjc1ZDU5Y2Q2NzQ0OGZmZTg3OTVjNWIxZTk5NDBhYmVhMjRiMTYwYjFjMjMyMGU5MTY2NTU3NDU2NA==', '2022-10-13 13:36:04');
INSERT INTO `tblsessions` VALUES (13, 1, 'YTY5MDRkZjU1NjUwMTdkOTUzZjBkZGVkMTY1YTVjMTgwZGQwN2IxNDg5MjczOTJmMTY2NTc1MTgzOA==', '2022-10-15 14:50:38');
INSERT INTO `tblsessions` VALUES (14, 1, 'NTE0MzcxMzU4MGVjOGYzNGU4ZmRmYTE0MGRkODZmOWI0ZWE1ZjY2NTllNzQxMDQ0MTY2NTgxMzc4OQ==', '2022-10-16 08:03:09');
INSERT INTO `tblsessions` VALUES (15, 1, 'MzUwZDhkMTZmNjc4OGIxMGMwNmI2NDZjMzgzZjczNzdiZGMyNGM5N2I0YjJkNTY1MTY2NTgxNjg5OA==', '2022-10-16 08:54:58');
INSERT INTO `tblsessions` VALUES (16, 1, 'Yzg0YmZjMjZiN2M5NjUzYjM3ZTYwMGJkNDM4YWVkMzEzMjBhNTliNGQ1MDg0NTk2MTY2NTk5MjI1MQ==', '2022-10-18 09:37:32');
INSERT INTO `tblsessions` VALUES (17, 1, 'ZDQ1YzE2ZWQyYWE3OTRhOWU5ZDI2ZTA1ZWY1MjMyNjhmOTE0NDc3ZGUxNzFmOWE0MTY2NjE4MjI0OQ==', '2022-10-20 14:24:10');
INSERT INTO `tblsessions` VALUES (18, 1, 'YjVkYzY0MjliYzZhNTQ3Nzc2MDZjZGQ1YTIxNjJkZTNlZjliYmE5NGE2NjIxZDNjMTY2ODY3NjIyMg==', '2022-11-18 10:10:22');
INSERT INTO `tblsessions` VALUES (19, 1, 'OTg1MWVjZDU2M2E1MmM4NTZkMWJjMTUxMjBiMWQzNTZhYTQ4NTMyZTc4ZmJkOGVkMTY2ODc4MDgyNg==', '2022-11-19 15:13:46');
INSERT INTO `tblsessions` VALUES (20, 1, 'Mjg4YTA0ZjRkZGE5NDU4YzkyMzA5OGVkOWU2OTJjZDVmYmUzODBlYzJhZTc4ZmE4MTY2ODc4MTE5Mw==', '2022-11-19 15:19:53');
INSERT INTO `tblsessions` VALUES (21, 1, 'MWFmODczOGRmMzkxMDJmNzA3ODk5ZWVkZWE5Y2M2MGQ2NDE4MDdjOTA5ZDVkOTZlMTY2ODc4MzAwNQ==', '2022-11-19 15:50:05');
INSERT INTO `tblsessions` VALUES (22, 1, 'MzkyZGQxMjdkNGEzMjU0MTQzMTdlNTUzMDIwNDgzZmE3MmFkNjkwMjczZTE4NTZiMTY2ODc4Nzg3Mg==', '2022-11-19 17:11:12');
INSERT INTO `tblsessions` VALUES (23, 1, 'N2RiZDcyYTBiNzI4ZWY4ZWQxMDVhNmViM2NjMDAzYzZmMDA4Zjk0MmUzZWI4YzM3MTY2ODc5Mzc0Mw==', '2022-11-19 18:49:03');
INSERT INTO `tblsessions` VALUES (24, 1, 'MmI5YzRiZWUxNGZjY2RiNmViYjIwZTY1YzIwMzRiYzYxZGZlM2VkNTg3YjA0YzkzMTY2ODc5NDk1OA==', '2022-11-19 19:09:18');
INSERT INTO `tblsessions` VALUES (25, 1, 'NTljZjlkMDc1YjYwMjhiYzNjMDgwMmQ4OTM0ZThiYzM3NmY3MmI0MmFkM2EwZWM2MTY2ODkyMzY1NA==', '2022-11-21 06:54:14');
INSERT INTO `tblsessions` VALUES (26, 1, 'YTI2ZGMzOTVlYmZiMWFjZGVjNTAwMzhmZGRkZTMwYzFkYzE3NGI5ZWJiOTRjNThjMTY2ODk3MDI3Mw==', '2022-11-21 19:51:13');
INSERT INTO `tblsessions` VALUES (27, 1, 'ZDRlZTFmMGEyMDRiMzEyNTZhMTY5ZDliNzU2MzBjZWNjNTk4ZmZmYWU5ZThjZjJhMTY2OTEwMTEzNA==', '2022-11-23 08:12:14');
INSERT INTO `tblsessions` VALUES (28, 1, 'YjI0OTQ3YTQ5Y2FkZmFkMDc2ZmY5OGY0YTFiNzY3NjgyNGI0NjI0MjRlNzQxZTYwMTY2OTExNTg1NA==', '2022-11-23 12:17:34');
INSERT INTO `tblsessions` VALUES (29, 1, 'NDhiNjU1NjQ4ODEyNDg3Nzk0ZGVjMzQyODkxNTlmNzEzOTE1NGNiODg4ZDg3ODRjMTY2OTM0MjYwNQ==', '2022-11-26 03:16:45');
INSERT INTO `tblsessions` VALUES (30, 1, 'ODJmNjk3N2EwNTE1YTMwNTc4ZjlmNTkwNGJmYzg3ZGQ3OTM4MjI1ZGY4ODczYzViMTY2OTM5NTQzOQ==', '2022-11-26 17:57:19');
INSERT INTO `tblsessions` VALUES (31, 1, 'NzRlNjE0ZTE0MjZiN2RhMGI5ODg1MmM4NDY3YmE3YWRmYmRiMmQ1MzJlNDAxNTM2MTY2OTM5NjY0NA==', '2022-11-26 18:17:24');
INSERT INTO `tblsessions` VALUES (32, 2, 'NmIyZTE3NTU4OTFmMGZhNzk3YmY1YjJjNWMxMmFkZmFmZThlNzY5YWZhNmFlY2VkMTY2OTM5ODQ1NQ==', '2022-11-26 18:47:35');
INSERT INTO `tblsessions` VALUES (33, 1, 'ZDE4ZjMyOWUwMjY5OWU4MjI5NGE2NTBkYTIxNDBmYjM3NjNjMDU0MTJkYTVjMGQxMTY2OTQ1MDc1Ng==', '2022-11-27 09:19:16');
INSERT INTO `tblsessions` VALUES (34, 1, 'NWQ3MDc4NWM1YzQwMzYyZmNlZThiNDVlN2M3MGIyM2ZiNmI4ZDIwMzI1ZWNmYjNkMTY2OTQ3MzMwOQ==', '2022-11-27 15:35:09');
INSERT INTO `tblsessions` VALUES (35, 1, 'ZWFjMGJhZmU2M2IyMDBhMmZjOWJmYjcyNmFkNDEzY2M5ZGI5MTc2ZTY5MjIyYmRkMTY2OTQ3NDI3Mg==', '2022-11-27 15:51:12');
INSERT INTO `tblsessions` VALUES (36, 1, 'YzIwMWRmNjc4OTFmZGMxM2U2ZGNmMTM3YWM0MjRhZmI0YTUzNGU2YTUxMjhhNGY1MTY2OTYxNzczMA==', '2022-11-29 07:42:10');
INSERT INTO `tblsessions` VALUES (37, 1, 'ODYxZmZkODk4MDQ4OWFlMmIwMzYwN2JkNGJhNGZlYzM4Yzg3NjViMjk5YWUyMWY1MTY2OTYxODY1Mg==', '2022-11-29 07:57:32');
INSERT INTO `tblsessions` VALUES (38, 1, 'NTg1NjBiOGEyMmU2OTZlMzRiYzQzOWRhMjQwZDczZmJmNzYyNTFhMDIxMjMxZmZlMTY2OTY0ODYzMQ==', '2022-11-29 16:17:11');
INSERT INTO `tblsessions` VALUES (39, 1, 'Yjg4NTk4OGQ0ODc2MjMzNDhmYWFkMGI5ZDNlN2IwY2Q0MDk4M2YzOGQzNTJjOTk4MTY2OTY5OTgzNA==', '2022-11-30 06:30:34');
INSERT INTO `tblsessions` VALUES (40, 1, 'ZmI3YzQxMDhlZjRjN2Y0NDllZjAxYmI4MmYyZWUyMzRlOGM1NWExOGE5ZmE3ZTkyMTY2OTcwNTQyMw==', '2022-11-30 08:03:43');
INSERT INTO `tblsessions` VALUES (41, 1, 'NmY2MDAxMWUwYjc3NDEzMWEwYTc3ODRlZmZlNWRhOWFjMjdjMmEzNDA3MzZiZTdmMTY2OTcwNTUwNA==', '2022-11-30 08:05:04');
INSERT INTO `tblsessions` VALUES (42, 2, 'M2YyMzAxNGEzOWRjNzk0ZmU4YmU5OTIwM2U3OGI2ZmU4MDliMWY0MDhkM2Y5ZWQ2MTY2OTc4OTE0MA==', '2022-12-01 07:19:00');
INSERT INTO `tblsessions` VALUES (43, 1, 'OTQ5NmNjYzgyOGI4MDA5ZTljNTE1ZGYyODlmZmNiMGQ0NzE3NzFkMmEzYTEzZWM5MTY2OTc5MTA1Nw==', '2022-12-01 07:50:57');
INSERT INTO `tblsessions` VALUES (44, 1, 'NjE2NGNmNWUzZjcxZDg0OGVmMDg4YzA0MDY1YTc4M2M0OTQ3Y2IwNjg1MDJhOTJmMTY2OTc5NDQ0Mw==', '2022-12-01 08:47:23');
INSERT INTO `tblsessions` VALUES (45, 2, 'ZTEwZjk4ODdkM2FkNmQzMWMwZGU5MDkzMjQxYjI0YmRkNTcyYThmNDUzYTI4MmUwMTY2OTc5NTg4MA==', '2022-12-01 09:11:20');
INSERT INTO `tblsessions` VALUES (46, 2, 'ZTVlYzVhZjkyM2E3ZmY0MzQ5OGI0MTZjZGU5MzVkZjQwN2I5OGU3MGQ2ZDkzZWM4MTY2OTg3MjkwMw==', '2022-12-02 06:35:03');
INSERT INTO `tblsessions` VALUES (47, 1, 'OTA4ZDI0M2I2Yjc5MzlhMTkzZDg3MDAxOTBlN2I4YWYyMTA0ZTU0ODdmMjU2MWExMTY2OTg3NDI2OQ==', '2022-12-02 06:57:49');
INSERT INTO `tblsessions` VALUES (48, 1, 'NzBlOGM0Y2IyYWY1M2FiNjkwNzVhY2U0NmUwYzljYzJiOTZjOTdkYTJhNmE5OWRhMTY2OTg3OTk1MQ==', '2022-12-02 08:32:31');
INSERT INTO `tblsessions` VALUES (49, 1, 'MmEzNGFiYzJkYWUyZGFkODg2YTgzY2JkNjUwNTU5NmVlY2NiMWNjZTQ5ZGIzYTRmMTY2OTk2NjQ1NQ==', '2022-12-03 08:34:15');
INSERT INTO `tblsessions` VALUES (50, 1, 'MGNiZjJjNDFlYWE2NGNiNmViNWUyMWZjNTA3NzQzZTAwOWMyODkxZGIzYjA2ZDVjMTY2OTk3NjM1Nw==', '2022-12-03 11:19:17');
INSERT INTO `tblsessions` VALUES (51, 1, 'NzQxZWVkZjgwMjJkZWVkOWU5MDgwMTMwMjk4ZjEwMmRiZTY0NTlhM2U1ZmFkZDM4MTY2OTk3NjUyMg==', '2022-12-03 11:22:02');
INSERT INTO `tblsessions` VALUES (52, 1, 'MWE5ZTNmNWVmNWRjNWM5MjI3MTljYWQ4N2JmY2Q3MGJkZDQ4NTY0NzJjMDZjNzI5MTY2OTk5NzY5Mg==', '2022-12-03 17:14:52');
INSERT INTO `tblsessions` VALUES (53, 1, 'MDZlY2YwNzk4ZThkMGI2NjY2OGMyMjc1NGU4ODRjNDY2ZWNhNTRjMjNhZjhhNWZlMTY3MDAwMzUzMQ==', '2022-12-03 18:52:11');
INSERT INTO `tblsessions` VALUES (54, 1, 'ZmQ5OTllY2E5ZWQyMGZhOTE2MjlkMjE0OTBhZTYyZDFhZDkwYjRmYTk5MTBlNDliMTY3MDAwMzk3OA==', '2022-12-03 18:59:38');
INSERT INTO `tblsessions` VALUES (55, 1, 'NTkyZWYyY2E3NTM4MDA1MzM4MzlmY2ZiMDAwYjk2YjVmZDg1MzI1NjZmMjFlZDkxMTY3MDAwMzk5NQ==', '2022-12-03 18:59:55');
INSERT INTO `tblsessions` VALUES (56, 1, 'ZGZlMGJlOWY5MjVkZjBhYTkyNTUxNWJhZGIxZDVjNTEwZWNjOWM0ZTBkNDY0ZTA1MTY3MDAwNDI3NA==', '2022-12-03 19:04:34');
INSERT INTO `tblsessions` VALUES (57, 1, 'YTIzNjk3NDZiZTc0NmU4NDVmMzhiZWMxYjY4ZmFjMzA1MTRmNmQ5ZGQ1NGY1ZjE4MTY3MDAzNDE0OA==', '2022-12-04 03:22:28');
INSERT INTO `tblsessions` VALUES (58, 1, 'M2ZhNzMzY2U1ZmU4NzgyNTRhOWE4NDQ2NjQ1NDZjYTk2ZTM5YzczYmQwN2IyM2M5MTY3MDE0NTQzMg==', '2022-12-05 10:17:12');
INSERT INTO `tblsessions` VALUES (59, 1, 'ZTIxOGQwZTZkZDc5ODJmNmNkNjU0Njg1YTI2ZWY0Yzg4MjIxN2RmMjg4NWQwYTg2MTY3MDE0NTkwNA==', '2022-12-05 10:25:04');
INSERT INTO `tblsessions` VALUES (60, 1, 'OTcyZTllMTlkNjA4YWY4OGI4NWE5NTUzZjQxOTI3MDJmNjE1Y2I5YmUyN2M0MGJhMTY3MDE0NjQ5Mg==', '2022-12-05 10:34:52');
INSERT INTO `tblsessions` VALUES (61, 1, 'NjA5ODRmYjA3MzUwNDk1ODZhODVkNDg5YzdkYTBmMGE4NmQyOThlODBmMDI0MmExMTY3MDIzMzUzNw==', '2022-12-06 10:45:37');
INSERT INTO `tblsessions` VALUES (62, 1, 'NzhlYzRiMWM4NzBmYzE4NDk1MzA5ZDY3YzJkMTQzY2FlMDJjNGUzYTk4YzljM2VkMTY3MDMyMzczNg==', '2022-12-07 11:48:56');
INSERT INTO `tblsessions` VALUES (63, 1, 'MWI0YTQ3MTJiMTc5ZjM0ZTFkOTU2MzE1ZDZhMWZmMDQzYzJlZGNiZThmMmJkODgzMTY3MDQ5NDUxNg==', '2022-12-09 11:15:16');
INSERT INTO `tblsessions` VALUES (64, 1, 'NTNkNDlhZjFhNjcwNTkzMTUyZjk2NjA0MGNhY2E1NmQ4ZGVkZDE1YzJkODc1OTYyMTY3MDYzNjIyNQ==', '2022-12-11 02:37:05');
INSERT INTO `tblsessions` VALUES (65, 1, 'NDRlODgxOTJmYzM0OGE1ODQ0ZjQ1NjA0N2I5ZTBhN2I0NzMxMDgyYmQyMjU0ZGJkMTY3MDY1Mjk4OQ==', '2022-12-11 07:16:29');
INSERT INTO `tblsessions` VALUES (66, 1, 'NTZjOTkxMTlkMTAyZDM3MWUzMGYzYjc1YjlhZjU1NWYwNjA0MzE1ZWIxN2IwMTQ3MTY3MDkxMzM3OA==', '2022-12-14 07:36:18');
INSERT INTO `tblsessions` VALUES (67, 1, 'MjkxMzQ3ZmZlNzljYWYzMTVlMDZmMmI1ZGFmOGQ2NzcwM2Y1YzBmMDg5YWE1MTQ3MTY3MTAwMDY0NA==', '2022-12-15 07:50:44');
INSERT INTO `tblsessions` VALUES (68, 1, 'YjBmZjQ0NTI0MDJmNDkyOTk3ZTRlYzlmMDRmYTI1OWY5MmU1ZTBmNWI2NGJjYmM0MTY3MTAxOTQ3Mw==', '2022-12-15 13:04:33');
INSERT INTO `tblsessions` VALUES (69, 1, 'MTc1NWJiZGU5NmExMDM4Zjk2NWY2MzNjZWJkMmM2ZmU2MDE0N2IyYWMxY2Q2ZjZjMTY3MTA5ODc5Mw==', '2022-12-16 11:06:33');
INSERT INTO `tblsessions` VALUES (70, 1, 'NGE4ZmQ3MzUzMGY5YWI2ZjE5MzNlYzBiODE4YzBmOWM3MGI2ZDg3YjI2NGI1MmVlMTY3MTE4NTQzNg==', '2022-12-17 11:10:36');
INSERT INTO `tblsessions` VALUES (71, 1, 'YzUzM2Q3MTEwM2NkYTcyOWM0MDU1MmVkYjEzMGQwMjIyOGVjMjBiODkwN2JhYjY5MTY3MTI4MTEwNA==', '2022-12-18 13:45:04');
INSERT INTO `tblsessions` VALUES (72, 1, 'ZTMyYWYwMTE5MWE5NDhjZTc2MTUzM2YyNTBjZDVmOGU5Mzg1YjY0NmUxMDc2NjNmMTY3MTI4NDQ4Ng==', '2022-12-18 14:41:26');
INSERT INTO `tblsessions` VALUES (73, 1, 'OTMzMzZmODU0YTQ5ZWYwOTliNjM4MDljYzhmMTYxNTdiNGQxNjRjNTg3NGFlNjk5MTY3MTI4NjE2Ng==', '2022-12-18 15:09:26');
INSERT INTO `tblsessions` VALUES (74, 1, 'NDZlYzZiMjEzODNkZTg2YjQyMjRmMTEwZjc2NWNjMGNlZWEwM2U1N2NjMzdjZDNkMTY3MTI4OTQxMg==', '2022-12-18 16:03:32');
INSERT INTO `tblsessions` VALUES (75, 1, 'ODcyMmUwMDJhYjdmMWM3Y2RlZWY3YjRlZjNiNjRmMjk5NjQ4YTgxNzkzNTFhMDRiMTY3MTQyMTYwNg==', '2022-12-20 04:46:46');
INSERT INTO `tblsessions` VALUES (76, 1, 'YWViZDkyMjBjZjA2ODc2OTJhMGM0NTAyZDZjMzdlZDhmNTc3YWFmZDQ1OWM1YjBiMTY3MTQyOTk3Nw==', '2022-12-20 07:06:17');
INSERT INTO `tblsessions` VALUES (77, 1, 'MjJmNDRlZTdjMzRkYzFkZWViMjIzMGM0ZTIwYzg5YTkxOWI5MjI5M2I3OTFlYWFhMTY3MTQzNDI5MA==', '2022-12-20 08:18:10');
INSERT INTO `tblsessions` VALUES (78, 1, 'OTlhNjA1OWI2NzNlOWZlNGQ5MTE2MzZmMjI4YmRiZTRkZDI2YTNkZDM3Mjc2MzJkMTY3MTQ0OTk2MA==', '2022-12-20 12:39:20');
INSERT INTO `tblsessions` VALUES (79, 1, 'ODZjMzYxNWYxZjM1Y2VkYTY5YWNhYWJjNjRmN2VlNWVjMTIxZjdmZmNiNWI3ODlhMTY3MTUxMzk5Nw==', '2022-12-21 06:26:37');
INSERT INTO `tblsessions` VALUES (80, 1, 'OWI2NzZlZGRjMDgwN2VjYjY5YzY3ODkzMDNmMjQzYmEwZWExN2UyOGI4ZWUzNTM2MTY3MTUxNTgzMQ==', '2022-12-21 06:57:11');
INSERT INTO `tblsessions` VALUES (81, 1, 'NjE5NDcyNDAyMmYzYmFjOTE4NWNjYzhiNTFhZTE5YjBlNDM1MjgzYTFlZDYwNzI0MTY3MTUxNjUxMw==', '2022-12-21 07:08:33');
INSERT INTO `tblsessions` VALUES (82, 1, 'Y2FkOTAzNDdiZmY4YTFmNzY2MjJkZDI3ZDM3YjcyOTk1ZjkxYmMxNTNjMjhlODczMTY3MTUxODcxMw==', '2022-12-21 07:45:13');
INSERT INTO `tblsessions` VALUES (83, 1, 'YTUxOWFkOTBmMjM1YmY5YTA4ZjgxYjU4Yjg3NmQ1MDRmZGRhMmY4ZTRlNDVkYTBhMTY3MTUyMDc2NQ==', '2022-12-21 08:19:25');
INSERT INTO `tblsessions` VALUES (84, 1, 'YzgwNzVmYjE4ZDRkMWQyMDFkZTc4NzY0YzEwZjg3YzY4NGMyZjZiNzVhNjYyNGY1MTY3MTYwMTkwMw==', '2022-12-22 06:51:43');
INSERT INTO `tblsessions` VALUES (85, 1, 'YTA1MWIyMmQ0YWM4NjQxN2QxNjA2ZGEzOGFlNjg4MmI4NzM1MjZiN2ZjYzE5NWM1MTY3MTYwMjc4OA==', '2022-12-22 07:06:28');
INSERT INTO `tblsessions` VALUES (86, 1, 'ZGJiZDYxZjE4NmIwNDliYzIxM2ZiMTg3NGIzMjRhZWFjNjgxODBhMDE4ZWU4YjlmMTY3MTYwNDM0MQ==', '2022-12-22 07:32:21');
INSERT INTO `tblsessions` VALUES (87, 1, 'Yzc0NzgyZDE3Y2E2ODYwNTY5NjEyMDA1NTZiMThhMDhiN2NjM2Q5NmY3Mzk1ZWJkMTY3MTYwNDkxOA==', '2022-12-22 07:41:58');
INSERT INTO `tblsessions` VALUES (88, 1, 'YjQzNjZkMTFmMjgwNjUyNGI0MDE3MTljOWIxYjE2ODhhYjVjY2M1N2FiMGU1YzQyMTY3MTYwNTA1NA==', '2022-12-22 07:44:14');
INSERT INTO `tblsessions` VALUES (89, 1, 'YzY3ZTExODIyMDM2YmNhMmU5NGZkZWEwZWQ2ZDI3OGZkYzk4ZTdlOTM3ZmMzOGE1MTY3MTYwNTM2Mg==', '2022-12-22 07:49:22');
INSERT INTO `tblsessions` VALUES (90, 1, 'ZjY5M2E5ZjZkM2Y3OThlNzY5Mjg4YzBmZjdjNzg2MzE4NDdjZDY0NGEwMDg2MjA0MTY3MTYwNjcyMQ==', '2022-12-22 08:12:01');
INSERT INTO `tblsessions` VALUES (91, 1, 'ZDgyMWUzYmRhNDgzMTZmNTQzMDI3YmFhMTljZjQyOTNkM2UyN2JlMjQzNmYxYTQ5MTY3MTYxMjI5MQ==', '2022-12-22 09:44:51');
INSERT INTO `tblsessions` VALUES (92, 1, 'MTMwMDNlZjBmOWFlOWI3ZTBkZmE1OGVjYTZhMTY0YjNlZDM5YzcxMTRmYjFhNjU3MTY3MTY0MzY4OQ==', '2022-12-22 18:28:09');
INSERT INTO `tblsessions` VALUES (93, 2, 'MTI5ODM3YTU3MjFiNzI0OTIxOGViYTczMjMwM2FjYTAyYWRiOWUyYmRlNzBhMDgwMTY3MTY4ODk5NQ==', '2022-12-23 07:03:15');
INSERT INTO `tblsessions` VALUES (94, 1, 'YWM1N2FiNmRiOGQ4MDU4Yjg1ZjRkNDZhYmEzZjhhNzhlNTRjZjRiZTY1ODMzZWY5MTY3MTY4OTYzMQ==', '2022-12-23 07:13:51');
INSERT INTO `tblsessions` VALUES (95, 1, 'NGYyMzk1ODRhNjYzNGNmZGYyMzAzODY2YzdiODMzNTQzMzU2ZWNmMjM1Y2Y3MDRhMTY3MTY5MDA4OA==', '2022-12-23 07:21:28');
INSERT INTO `tblsessions` VALUES (96, 1, 'OGI1ZjlhNTk5MTg2Yzk4NWVmZDU0MTE5NmE1Mjk4MTY2OTJmY2ViOWEyYzU5ZDBkMTY3MTcxOTg2MA==', '2022-12-23 15:37:40');
INSERT INTO `tblsessions` VALUES (97, 1, 'Nzk4YWY2NTZkODg0NDRlOTY1ZmRmODlhZmI4ZGIyY2U2ZmQ3OGZkYmM3NWI3NThkMTY3MTc3Nzg4NQ==', '2022-12-24 07:44:45');
INSERT INTO `tblsessions` VALUES (98, 1, 'OWE0YmJmZTY2NDVhNjgyZGZmMmEwN2ZjOGNkYzYwZjAxMGFlNGZjOWM4MTExZTA0MTY3MjA0MTYwMw==', '2022-12-27 09:00:03');
INSERT INTO `tblsessions` VALUES (99, 1, 'YjY0ZmU4YTFmZjdkNTllOGFjOGUzMWJjZDY5NTdjMWEyY2M3NzA1ZTE5MzM0NjdkMTY3MjExODMzNw==', '2022-12-28 06:18:57');
INSERT INTO `tblsessions` VALUES (100, 1, 'NmE1MDIwZDdmNTU1OWRmNjUxNTQxOThjMDQ0YjJjZjEyMWJlYzQ1OWI3ZDNkYWFlMTY3MjExODc1MQ==', '2022-12-28 06:25:51');
INSERT INTO `tblsessions` VALUES (101, 1, 'OGEzNDdhYjZlMmVlNzQwYTY2MTM4MWEyMjliMWJmYTRjOTMxMjU4N2I2NWYwMjFlMTY3MjExODc1NA==', '2022-12-28 06:25:54');
INSERT INTO `tblsessions` VALUES (102, 1, 'YjVmNTEzZjZiNzk2ZWYzMWY2N2MzMjU3ZjM0N2JkMmU2NDA0MjM2NTFhMzRjODMzMTY3MjExOTczNg==', '2022-12-28 06:42:16');
INSERT INTO `tblsessions` VALUES (103, 1, 'YWUzNjFiNGU1MjdiZTMxZWM5OTc4OTg3MWE2ODgwNGM2NWZjOTQ5NTcyZDg4M2NkMTY3MjEyMDIwMA==', '2022-12-28 06:50:00');
INSERT INTO `tblsessions` VALUES (104, 1, 'MmQ3ODJlNGMzZGUyYTAzY2RhMjA5YWYwY2ViYzRmMTBhYmVkY2UwOTA5ZDE1ZDI2MTY3MjEyMTY3NQ==', '2022-12-28 07:14:35');
INSERT INTO `tblsessions` VALUES (105, 1, 'NzMxMWFjYmUxZTBhZTY4Nzk1ZDRkMzhhNzNlOTFhMDc5NmZhM2E0ZGIwNmU1MGY1MTY3MjEyMzk1OA==', '2022-12-28 07:52:38');
INSERT INTO `tblsessions` VALUES (106, 1, 'ZGZlMWFmZjIyYzFjODRiZTNiMWYwM2RlMjVlMWE1Nzk1MjQyNTMxZTgxNzNhODIxMTY3MjEzMzQxOA==', '2022-12-28 10:30:18');
INSERT INTO `tblsessions` VALUES (107, 1, 'MzBiZGE3OTNlZDAyNmY4ZWQ2NTQwMDYwMGM4NDU5YWYyOWE1OGQ5NDI1ZmU2MjhkMTY3MjEzNjg0Ng==', '2022-12-28 11:27:26');
INSERT INTO `tblsessions` VALUES (108, 1, 'NjdiYTk4ZjlhMzZlODQ2ZjljZTliMTQ3ZjA4ZDhkY2JmOWFkY2RiNGY2ZTJmM2NmMTY3MjEzNzkyNw==', '2022-12-28 11:45:27');
INSERT INTO `tblsessions` VALUES (109, 1, 'MGMyYTNjN2NjYTk1MDU5ZTY1NWU3YzI4ZWZlMzU0NWRiZTc0Y2QzYzE1NDY3NjAwMTY3MjI5NTI0NQ==', '2022-12-30 07:27:25');
INSERT INTO `tblsessions` VALUES (110, 1, 'NWQ0YzA3ODVlOGZkZDk3YTNiZjEzYTVlNjQ3MTUyMzM5ZjJmMTkzNjc3YzQzYmI3MTY3MjM4OTU3Ng==', '2022-12-31 09:39:36');
INSERT INTO `tblsessions` VALUES (111, 1, 'ZDJjY2NkMjllMDcyMjBlNmVjMzU0ZWYxNTliODlhNzZiYzljOTUyYzgwM2E4NmUxMTY3MjQwMDc3Mg==', '2022-12-31 12:46:12');
INSERT INTO `tblsessions` VALUES (112, 1, 'NDg1OTBiOWZiMjIxYWYzNTRkNWJiNjZhNWE5NjE4ZDRhODg0MTE1Y2RiMjI2NWM0MTY3MjQxNTQyMA==', '2022-12-31 16:50:20');
INSERT INTO `tblsessions` VALUES (113, 1, 'NTBjZTM3YzFjZjVhNmYwNTQ5NzViYzJkYjdmOTVjODUxNjUwOWM4MjkxZTQxZDE1MTY3MjQxNTU2OQ==', '2022-12-31 16:52:49');
INSERT INTO `tblsessions` VALUES (114, 1, 'ZTc2MjgzYjhiNGU1NTAxNTNiZmVkY2Y5Y2YwMDU1ODc2YTZjOTViYTI3OTViYzkyMTY3MjQ1ODE3NA==', '2023-01-01 04:42:54');
INSERT INTO `tblsessions` VALUES (115, 1, 'MmExNDNhYmIzZmFkZTc3YWMzMTg4ODgwOWIwYzE4NGE2YjU3MTNjODFiMjE0ZmVkMTY3MjQ2MDA2Mw==', '2023-01-01 05:14:23');
INSERT INTO `tblsessions` VALUES (116, 1, 'YTg3ODkxY2MyMmQ2YzllYTIyMDY5NjFiMTZmYjdiZTUxNzNhNzcwMDM2Yzk4ZmExMTY3MjQ2MDE1Nw==', '2023-01-01 05:15:57');
INSERT INTO `tblsessions` VALUES (117, 1, 'NDViYWY0NWU1M2NiNjI4NGEzZGI0NzY5OTA5YjUxNjA2NDYxNWMwYWIwNGE0MDEzMTY3MjYyNzI2Ng==', '2023-01-03 03:41:06');
INSERT INTO `tblsessions` VALUES (118, 1, 'OWYxM2U2N2Y3ODNkYzFjY2NlOTRhY2Y4YjIxNzg4M2NhMTg0ODQ5MmVmMzg3NTIyMTY3MjYzNzA5NQ==', '2023-01-03 06:24:55');
INSERT INTO `tblsessions` VALUES (119, 1, 'NDc5YjMwMDA0NzdjOTczZTQ3Njc5ZTEzMzhjNWMxNWE2NGEyYWEzZDY0MmM3Mjg2MTY3MjYzNzMyNQ==', '2023-01-03 06:28:45');
INSERT INTO `tblsessions` VALUES (120, 1, 'MTZlOTIwYjFhYzFhYjRlZGU1MDAzNTZiODMzY2QyMTQ4M2I1OGE3YTEzOGEwMDU5MTY3MjcxNDIzMA==', '2023-01-04 03:50:30');
INSERT INTO `tblsessions` VALUES (121, 1, 'ZDdmMGRkNTVmN2JhNDU1MGNjZjViODBlZTEwYThhZTU5OGEyNDgyNmEzYzE2YTVkMTY4MDYzNzIyMw==', '2023-04-05 12:40:23');
INSERT INTO `tblsessions` VALUES (122, 1, 'Mzg2NzI3Mjk3NDQwM2NlOWU4ZWQwMjYxMWUxNDU3ZWE5NzNiMmU5MDQxZjJhNDY5MTY4MDYzNzI5Mw==', '2023-04-05 12:41:33');
INSERT INTO `tblsessions` VALUES (123, 1, 'MzkwNjFiMGIxMWU5M2E4MzkwMmQzODM2MjQ4NGU4YWVmNDYzYTJlYWEzZGRhNzBhMTY4MDY1MjEwMw==', '2023-04-05 16:48:23');
INSERT INTO `tblsessions` VALUES (124, 2, 'NzIxYWU5MGYwZTRmZDQ2ZTVmNmE1ZDE0NzFmYjlmN2E0YjY2MzZmNDg4OTJiNTVkMTY4MDY1MzYxMQ==', '2023-04-05 17:13:31');
INSERT INTO `tblsessions` VALUES (125, 1, 'MTFiMWIyZGFlMzUxMzZjODg5ZTcyNTM2NWQ2OTFhYzA3ZmM0YTdkMmNhODFjNjhjMTY4MDY1MzY0Ng==', '2023-04-05 17:14:06');
INSERT INTO `tblsessions` VALUES (126, 1, 'OGZlNTUyMTk2MTcxOGYzNGFjMjNiMDVjN2Y4NmY4MWExOGEyNDUxYzE1NDBkZmQzMTY4MDY1NDU2Mg==', '2023-04-05 17:29:22');

-- ----------------------------
-- Table structure for tblusers
-- ----------------------------
DROP TABLE IF EXISTS `tblusers`;
CREATE TABLE `tblusers`  (
  `id` bigint NOT NULL AUTO_INCREMENT COMMENT 'User ID',
  `fullname` varchar(255) CHARACTER SET utf8 COLLATE utf8_general_ci NOT NULL COMMENT 'User Full Name',
  `email` varchar(255) CHARACTER SET utf8 COLLATE utf8_general_ci NOT NULL COMMENT 'Username',
  `password` varchar(255) CHARACTER SET utf8 COLLATE utf8_bin NOT NULL COMMENT 'Password',
  `is_admin` varchar(4) CHARACTER SET utf8 COLLATE utf8_general_ci NOT NULL DEFAULT 'NO' COMMENT 'IS ADMIN',
  PRIMARY KEY (`id`) USING BTREE,
  UNIQUE INDEX `username`(`email`) USING BTREE
) ENGINE = InnoDB AUTO_INCREMENT = 3 CHARACTER SET = utf8 COLLATE = utf8_general_ci ROW_FORMAT = Dynamic;

-- ----------------------------
-- Records of tblusers
-- ----------------------------
INSERT INTO `tblusers` VALUES (1, 'Ashwith2', 'ashwithks@gmail.com', '25f9e794323b453885f5181f1b624d0b', 'YES');
INSERT INTO `tblusers` VALUES (2, 'Ashwith', 'ashwith@gmail.com', '25f9e794323b453885f5181f1b624d0b', 'NO');

SET FOREIGN_KEY_CHECKS = 1;
