-- phpMyAdmin SQL Dump
-- version 4.9.7
-- https://www.phpmyadmin.net/
--
-- Host: localhost:3306
-- Generation Time: Jan 03, 2023 at 10:59 AM
-- Server version: 10.5.18-MariaDB-cll-lve
-- PHP Version: 7.4.33

SET SQL_MODE = "NO_AUTO_VALUE_ON_ZERO";
SET AUTOCOMMIT = 0;
START TRANSACTION;
SET time_zone = "+00:00";


/*!40101 SET @OLD_CHARACTER_SET_CLIENT=@@CHARACTER_SET_CLIENT */;
/*!40101 SET @OLD_CHARACTER_SET_RESULTS=@@CHARACTER_SET_RESULTS */;
/*!40101 SET @OLD_COLLATION_CONNECTION=@@COLLATION_CONNECTION */;
/*!40101 SET NAMES utf8mb4 */;

--
-- Database: `arcodesi_ledger`
--

-- --------------------------------------------------------

--
-- Table structure for table `suppliers`
--

CREATE TABLE `suppliers` (
  `id` bigint(20) NOT NULL,
  `name` text NOT NULL,
  `beat` text NOT NULL,
  `deleted` varchar(3) NOT NULL DEFAULT 'N'
) ENGINE=InnoDB DEFAULT CHARSET=utf8 COLLATE=utf8_general_ci;

--
-- Dumping data for table `suppliers`
--

INSERT INTO `suppliers` (`id`, `name`, `beat`, `deleted`) VALUES
(1, 'Coastal hub', '', 'N'),
(2, 'ideal', '', 'N'),
(3, 'SLK', '', 'N'),
(4, 'RR Fruits', '', 'N'),
(5, 'Mahavishnu', '', 'N'),
(6, 'yatheesh', '', 'N'),
(7, 'Wine Gate', '', 'N'),
(8, 'Wine Gate New', 'Airport Road', 'N'),
(9, 'neela', 'shasi', 'N'),
(10, 'sks', '', 'N'),
(11, 'Supritha', 'Bejai', 'N'),
(12, 'Karnataka (KPT)', 'Bejai', 'N'),
(13, 'Adishakthi pro', 'Bejai', 'N'),
(14, 'Mamatha', 'Bejai', 'N'),
(15, 'Chilly Lemon', 'Bejai', 'N'),
(16, 'Kamath Refreshment', 'Bejai', 'N'),
(17, 'Wine N Spirits Y', '', 'N'),
(18, 'Pranam Bar', 'Bejai', 'N'),
(19, 'Vikas Clg', 'Bejai', 'N'),
(20, 'Trishna', 'Bejai', 'N'),
(21, 'VInu Bar', 'Bejai', 'N'),
(22, 'Vee. Vee', 'Bejai', 'N'),
(23, 'Ferns &amp; Martins', '', 'N'),
(24, 'Biriyani', 'Bejai', 'N'),
(25, 'Vishnu Naturals', 'Bejai', 'N'),
(26, 'Juice Romantic', 'Bejai', 'N'),
(27, 'Kadri Cafe', 'Bejai', 'N'),
(28, 'Shivasagar Veg', 'Bejai', 'N'),
(29, 'Grains', 'Bejai', 'N'),
(30, 'Good Day', 'Bejai', 'N'),
(31, 'Anchan Bar', 'Bejai', 'N'),
(32, 'Gopal', 'Bejai', 'N'),
(33, 'Penguin', 'Bejai', 'N'),
(34, 'Anand Bazar', 'Bejai', 'N'),
(35, 'Keerthi', 'Bejai', 'N'),
(36, 'Nambiar', 'Bejai', 'N'),
(37, 'YSM', 'Bejai', 'N'),
(38, 'Dolphin Bar', '', 'N'),
(39, 'Onyx', 'K S Rao', 'N'),
(40, 'Shetty Kori', 'K S Rao', 'N'),
(41, 'BA Stall', 'K S Rao', 'N'),
(42, 'SDM', 'K S Rao', 'N'),
(43, 'Durga Ent', 'K S Rao', 'N'),
(44, 'Sai Tudar', 'K S Rao', 'N'),
(45, 'Adishakthi', 'K S Rao', 'N'),
(46, 'Rampi', 'K S Rao', 'N'),
(47, 'Sri vari', 'K S Rao', 'N'),
(48, 'Jeevan Sweets', 'K S Rao', 'N'),
(49, 'City Arena', 'K S Rao', 'N'),
(50, 'Baliga Super', 'K S Rao', 'N'),
(51, 'Shanthi', 'K S Rao', 'N'),
(52, 'Mohtisham', 'K S Rao', 'N'),
(53, 'Chicking', 'K S Rao', 'N'),
(54, 'Parkway', 'K S Rao', 'N'),
(55, 'Ashirwad', 'K S Rao', 'N'),
(56, 'Cellar bar', 'K S Rao', 'N'),
(57, 'Varsha', 'K S Rao', 'N'),
(58, 'Panchakshari', 'K S Rao', 'N'),
(59, 'Nithi', 'K S Rao', 'N'),
(60, 'Bolar', 'K S Rao', 'N'),
(61, 'Nirmala', 'K S Rao', 'N'),
(62, 'Tammana', 'K S Rao', 'N'),
(63, 'Guruprasad', 'K S Rao', 'N'),
(64, 'Ocean Pearl', 'K S Rao', 'N'),
(65, 'Ganesh juice', 'K S Rao', 'N'),
(66, 'Arogya', 'K S Rao', 'N'),
(67, 'Bake N Shake', 'Bejai', 'N'),
(68, 'Soha', 'Bejai', 'N'),
(69, 'Margin Free', 'Bejai', 'N'),
(70, 'Ideal Shop', 'Bejai', 'N'),
(71, 'Fathima', 'Bejai', 'N'),
(72, 'Manjunath Juice', 'Bejai', 'N'),
(73, 'Guru Kripa', 'Bejai', 'N'),
(74, 'Bale Unka', 'Bejai', 'N'),
(75, 'Manjusha Juice', 'Bejai', 'N'),
(76, 'S L J Iyy', 'Bejai', 'N'),
(77, 'Kadalishree', 'Bejai', 'N'),
(78, 'Sanidhya', 'Bejai', 'N'),
(79, 'Dolphin Family', 'Bejai', 'N'),
(80, 'R S Ent', 'Bejai', 'N'),
(81, 'Kushi Sweets', 'K S Rao', 'N'),
(82, 'Andhra', 'K S Rao', 'N'),
(83, 'Jordanian', 'K S Rao', 'N'),
(84, 'Food Land', 'K S Rao', 'N'),
(85, 'Janatha Food Court', 'K S Rao', 'N'),
(86, 'Spindrift', 'K S Rao', 'N'),
(87, 'Nandini Roof', 'K S Rao', 'N'),
(88, 'K R Naik', 'K S Rao', 'N'),
(89, 'Family Mart', 'K S Rao', 'N'),
(90, 'Chaya Ent', 'K S Rao', 'N'),
(91, 'Deepa', 'k s rao', 'N'),
(92, 'shantha durga', 'k s rao', 'N'),
(93, 'Manohar', 'Bejai', 'N'),
(94, 'Madhuvan', 'Bejai', 'N'),
(95, 'Sun Royal', 'Bejai', 'N'),
(96, 'Kadri Super Bazar', '', 'N'),
(97, 'Dream World', 'Bejai', 'N'),
(98, 'Suchi Refreshment', 'Bejai', 'N'),
(99, 'Dreams Ent', 'Bejai', 'N'),
(100, 'Laxmi Gen Bejai', 'Bejai', 'N'),
(101, 'Venus', 'Bejai', 'N'),
(102, 'Jimmys S.Mart', 'Bejai', 'N'),
(103, 'Wine N Spirits Kadri', 'Bejai', 'N'),
(104, 'Vasanth STD', 'Bejai', 'N'),
(105, 'P V S', 'K S Rao', 'N'),
(106, 'Anchan Bakery', 'K S Rao', 'N'),
(107, 'Megha Bar', 'K S Rao', 'N'),
(108, 'ICY TREAT', 'K S Rao', 'N'),
(109, 'Dinky dine', 'Bejai', 'N'),
(110, 'Nandana', 'Bejai', 'N'),
(111, 'Friends snooker', 'Bejai', 'N'),
(112, 'Bhagavathi', 'Bejai', 'Y'),
(113, 'Mandara', 'Bejai', 'N'),
(114, 'vinu', '', 'N'),
(115, 'cheffs', 'Bejai', 'N'),
(116, 'Andra', 'k s rao', 'N'),
(117, 'Rasoi', 'k s rao', 'N'),
(118, 'Srujan', 'k s rao', 'N'),
(119, 'Samrudhi', 'k s rao', 'N'),
(120, 'Winegate new2', 'Surthkal', 'N'),
(121, 'winegate new3', 'surthkal', 'N'),
(122, 'winegate new4', 'Bajpe', 'N'),
(123, 'winegate new5', 'Bajpe', 'N'),
(124, 'Ko cafe', 'k s rao', 'N'),
(125, 'sri devi college', 'k s rao', 'N'),
(126, 'wine n spirit chilimbi', 'k s rao', 'N'),
(127, 'EAT N SIP', 'K S RAO', 'N'),
(128, 'Durga canteen', 'K S RAO', 'N'),
(129, 'kanchi', 'K S RAO', 'N'),
(130, 'sudhendra', 'K S RAO', 'N'),
(131, 'chavadi', 'K S RAO', 'N'),
(132, 'suresh wine', 'K S RAO', 'N'),
(133, 'B A', 'K S RAO', 'N'),
(134, 'P P L', 'K S RAO', 'N'),
(135, 'Taranath store', 'K S RAO', 'N'),
(136, 'Anegundi', 'K S RAO', 'N'),
(137, 'Vaibhav', 'K S RAO', 'N'),
(138, 'Baliga gen', 'K S RAO', 'N'),
(139, 'Baghavathi store', 'k s rao', 'N'),
(140, 'shree krishna', 'k s rao', 'N'),
(141, 'Mahalasa gen', 'Bejai', 'N'),
(142, 'A J', 'Bejai', 'N'),
(143, 'Dinesh kamath', 'Bejai', 'N'),
(144, 'Vas and Sons', 'Bejai', 'N'),
(145, 'kanara club', 'Bejai', 'N'),
(146, 'Martyn hyper', 'Bejai', 'N'),
(147, 'Padmanabha', 'Bejai', 'N'),
(148, 'Vigneshwara', 'Bejai', 'N'),
(149, 'Manjushree', 'Bejai', 'N'),
(150, 'Hot Tiffin', 'Bejai', 'N'),
(151, 'Prashanth', 'Bejai', 'N'),
(152, 'crystal', 'Bejai', 'N'),
(153, 'Mathrushree', 'Bejai', 'N'),
(154, 'Prathvish', 'Bejai', 'N'),
(155, 'Ashok raj', 'Bejai', 'N'),
(156, 'Iyy bikarnakatte', 'Bejai', 'N'),
(157, 'Bangalore Iyy Bejai', 'Bejai', 'N'),
(158, 'S K TRADERS', 'Bejai', 'N'),
(159, 'Wine N spiritz bejai', 'Bejai', 'N'),
(160, 'Gokul mp', 'Bejai', 'N'),
(161, 'NIDHI', 'K S RAO', 'N'),
(162, 'HALLI MANE', 'K S RAO', 'N'),
(163, 'KOMALS', 'K S RAO', 'N'),
(164, 'PRASHANTH K S RAO', 'K S RAO', 'N'),
(165, 'Tandoor', 'k s rao', 'N'),
(166, 'prabhu shopee', 'k s rao', 'N'),
(167, 'ghee rice', 'k s rao', 'N'),
(168, 'Madhura', 'k s rao', 'N'),
(169, 'Devendra', 'k s rao', 'N'),
(170, 'Mayuri', 'k s rao', 'N'),
(171, 'HI SPIRITS BENDOOR BAIL', 'Bejai', 'N'),
(172, 'PRABHU SWEETS', 'Bejai', 'N'),
(173, 'CAFFEINE HUB', 'Bejai', 'N'),
(174, 'WALK IN BAKERY', 'Bejai', 'N'),
(175, 'BAGAVATHI STORE BEJAI', 'Bejai', 'N'),
(176, 'TRISHIKA ENT', 'BEJAI', 'N'),
(177, 'VIJITH', 'BEJAI', 'N'),
(178, 'ARIHANTHA', 'BEJAI', 'N'),
(179, 'OM BEJAI', 'Bejai', 'N'),
(180, 'COURT CANTEEN', 'K S RAO', 'N'),
(181, 'MAMMAS', 'K S RAO', 'N'),
(182, 'Tirumala', 'Bejai', 'N'),
(183, 'New Star', 'Baikampady', 'N'),
(184, 'vailankanni', 'Baikampady', 'N'),
(185, 'yamuna', 'Baikampady', 'N'),
(186, 'katipalla iyyangar', 'Baikampady', 'N'),
(187, 'prakash beach', 'Baikampady', 'N'),
(188, 'civic', 'Baikampady', 'N'),
(189, 'Tea Stall', 'Baikampady', 'N'),
(190, 'Bombay Bk', 'Baikampady', 'N'),
(191, 'Sri Sai', 'Baikampady', 'N'),
(192, 'Vamshika', 'Baikampady', 'N'),
(193, 'Gajanana', 'Baikampady', 'N'),
(194, 'SLV', 'Baikampady', 'N'),
(195, 'Tara Bar', 'Baikampady', 'N'),
(196, 'Horizon', 'Baikampady', 'N'),
(197, 'Kullagana', 'Baikampady', 'Y'),
(198, 'S K Marine', 'Baikampady', 'N'),
(199, 'M K', 'Baikampady', 'N'),
(200, 'Benaka', 'Baikampady', 'N'),
(201, 'Chamundeshwari', 'Baikampady', 'N'),
(202, 'Santhosh Bar', 'Baikampady', 'N'),
(203, 'HotPot', 'Baikampady', 'N'),
(204, 'Swad', 'Baikampady', 'N'),
(205, 'Rehmath', 'Baikampady', 'N'),
(206, 'JPS', 'Baikampady', 'N'),
(207, 'Souza', 'Baikampady', 'N'),
(208, 'Krishna Suja', 'Baikampady', 'N'),
(209, 'Vailankanni 2', 'Baikampady', 'N'),
(210, 'Santhosh Beach', 'Baikampady', 'N'),
(211, 'New Vrindavan', 'Baikampady', 'N'),
(212, 'P A', 'Baikampady', 'N'),
(213, 'Hotel Abhishek', 'Baikampady', 'N'),
(214, 'Anu MP', 'Baikampady', 'N'),
(215, 'Gopal Krishna', 'Baikampady', 'N'),
(216, 'Sri Krishna', 'Baikampady', 'Y'),
(217, 'Sea World', 'Baikampady', 'N'),
(218, 'A J Wines', 'Baikampady', 'N'),
(219, 'Ganesh Sweets', 'Baikampady', 'N'),
(220, 'kullugana', 'Baikampady', 'N'),
(221, 'Surmai', 'Baikampady', 'N'),
(222, 'Curry Spoon', 'Baikampady', 'N'),
(223, 'Pingara', 'Baikampady', 'N'),
(224, 'Priya', 'Baikampady', 'N'),
(225, 'Mitai Shop', 'Baikampady', 'N'),
(226, 'Ganesh Wholesale', 'Baikampady', 'N'),
(227, 'Nandini NMPT', 'Baikampady', 'N'),
(228, 'Ginger House', 'Baikampady', 'N'),
(229, 'Lobo', 'Baikampady', 'N'),
(230, 'Sri Rajarajeshwari', 'Baikampady', 'N'),
(231, 'Bakers Lounge', 'Baikampady', 'N'),
(232, 'Laxmi Iyyangar', 'Baikampady', 'N'),
(233, 'Katipalla Super Bazar', 'Baikampady', 'N'),
(234, 'Shree Ent', 'Baikampady', 'N'),
(235, 'Kunera 2', 'Baikampady', 'N'),
(236, 'Kubera 1', 'Baikampady', 'N'),
(237, 'Lawnsaway', 'Baikampady', 'N'),
(238, 'Aishwarya', 'Baikampady', 'N'),
(239, 'Sri Kateel', 'Baikampady', 'N'),
(240, 'M N New', 'Baikampady', 'N'),
(241, 'Panamboor Beach Way', 'Baikampady', 'N'),
(242, 'Hosabettu General Store', 'Baikampady', 'N'),
(243, 'A K', 'Baikampady', 'N'),
(244, 'Brahmari', 'Baikampady', 'N'),
(245, 'Shakthi Bar', 'Baikampady', 'N'),
(246, 'Dwara', 'Baikampady', 'N'),
(247, 'Durga Tharakari', 'Baikampady', 'N'),
(248, 'V B Iyyangar', 'Baikampady', 'N'),
(249, 'New Life Care', 'Baikampady', 'N'),
(250, 'Dhanraj Caterers', 'Baikampady', 'N'),
(251, 'Sai Gen Store', 'Baikampady', 'N'),
(252, 'Sunil Bar', 'Baikampady', 'N'),
(253, 'Sheethal', 'Baikampady', 'N'),
(254, 'Thara bar', 'Baikampady', 'N'),
(255, 'chanragiri', 'Baikampady', 'N'),
(256, 'J S', 'Baikampady', 'N'),
(257, 'NANDADEEPA', 'BAIKAMPADY', 'N'),
(258, 'KUBERA 2', 'BAIKAMPADY', 'N'),
(259, 'PANAMBUR BEACH', 'BAIKAMPADY', 'N'),
(260, 'HOTEL BIRIYANI BAIKAMPADY', 'BAIKAMPADY', 'N'),
(261, 'SHRUTHI GEN', 'BAIKAMPADY', 'N'),
(262, 'SRI GANESH STORE BAIKAM', 'BAIKAMPADY', 'N'),
(263, 'SANTHOSH PRESELLER', 'BAIKAMPADY', 'N'),
(264, 'CHANDRAGIRI', 'BAIKAMPADY', 'N'),
(265, 'GANESH PRESELLER', 'AIRPORT', 'N'),
(266, 'R R', 'AIRPORT', 'N'),
(267, 'RATHNA', 'AIRPORT', 'N'),
(268, '3 STAR', 'AIRPORT', 'N'),
(269, 'KARAVALI', 'AIRPORT', 'N'),
(270, 'VRL CANTEEN', 'AIRPORT', 'N'),
(271, 'ICY AND SPICY', 'AIRPORT', 'N'),
(272, 'MURGAN', 'AIRPORT', 'N'),
(273, 'MAHALASA AIRPORT', 'AIRPORT', 'N'),
(274, 'KULUR GEN', 'AIRPORT', 'N'),
(275, 'LOBO AIRPORT', 'AIRPORT', 'N'),
(276, 'BRAHMARI AIRPORT', 'AIRPORT', 'N'),
(277, 'MANDI BIRIYANI', 'AIRPORT', 'N'),
(278, 'KUSUMA', 'AIRPORT', 'N'),
(279, 'KARKERA', 'AIRPORT', 'N'),
(280, 'GANESH SWEETS AIRPORT', 'AIRPORT', 'N'),
(281, 'RR BAKERY', 'AIRPORT', 'N'),
(282, 'IYY URWA', 'AIRPORT', 'N'),
(283, 'KAVERI BAR', 'AIRPORT', 'N'),
(284, 'MAYURA REST (AIR)', 'AIRPORT', 'N'),
(285, 'SIZZLER', 'AIRPORT', 'N'),
(286, 'LITTLE BITES', 'AIRPORT', 'N'),
(287, 'KARAVALI CAKES', 'AIRPORT', 'N'),
(288, 'ASHOK STORE', 'AIRPORT', 'N'),
(289, 'VADIRAJA', 'AIRPORT', 'N'),
(290, 'TIKKA GARAGE', 'AIRPORT', 'N'),
(291, 'ASHISH STORE', 'AIRPORT', 'N'),
(292, 'GINGER HOUSE (AIR)', 'AIRPORT', 'N'),
(293, 'S M ENT', 'AIRPORT', 'N'),
(294, 'SANTHOSH BAR (AIR)', 'AIRPORT', 'N'),
(295, 'DAKSHA', 'AIRPORT', 'N'),
(296, 'H K STORE', 'AIRPORT', 'N'),
(297, 'GANESH BAKERY (AIR)', 'AIRPORT', 'N'),
(298, 'SAI RAM', 'AIRPORT', 'N'),
(299, 'KRISHNA MP', 'AIRPORT', 'N'),
(300, 'QUALITY', 'AIRPORT', 'N'),
(301, 'A J (AIR)', 'AIRPORT', 'N'),
(302, 'NARAYANA BHANDARI', 'AIRPORT', 'N'),
(303, 'SRI SAI GEN (AIR)', 'AIRPORT', 'N'),
(304, 'SMACKY (AIR)', 'AIRPORT', 'N'),
(305, 'BALAJI MARINE', 'AIRPORT', 'N'),
(306, 'NEW IYY (AIR)', 'AIRPORT', 'N'),
(307, 'HOT SPOT', 'AIRPORT', 'N'),
(308, 'THALICHARY', 'AIRPORT', 'N'),
(309, 'DURGA STORE (AIR)', 'AIRPORT', 'N'),
(310, 'IYY BK (AIR)', 'AIRPORT', 'N'),
(311, 'K V BADRIYA', 'AIRPORT', 'N'),
(312, 'P R BAKERY', 'AIRPORT', 'N'),
(313, 'VAISHNAVI', 'AIRPORT', 'N'),
(314, 'PANCHAM GEN', 'AIRPORT', 'N'),
(315, 'VASANTH (AIR)', 'AIRPORT', 'N'),
(316, 'G J FAST FOOD', 'AIRPORT', 'N'),
(317, 'PRAHI', 'AIRPORT', 'N'),
(318, 'BAPTIST', 'AIRPORT', 'N'),
(319, 'MY MART', 'AIRPORT', 'N'),
(320, 'DAMODAR', 'AIRPORT', 'N'),
(321, 'MEGHA BAR (AIR)', 'AIRPORT', 'N'),
(322, 'BAKE N SHAKE (BAIKAM)', 'BAIKAMPADY', 'N'),
(323, 'UDUPI DELUX', 'BAIKAMPADY', 'N'),
(324, 'MARGIN SUPER MART', 'K S Rao', 'N'),
(325, 'MANASA BEJAI', 'Bejai', 'N'),
(326, 'SEA FOOD', '', 'N'),
(327, 'Tejaswini', 'Bejai', 'N'),
(328, 'IYY BAKERY (AIR)', 'AIRPORT', 'N'),
(329, '500030852 KAVERY BAKERY &amp; SWEETS', 'BANNUR ROAD MAHADEVASWAMY', 'N'),
(330, 'kadri gen', 'Bejai', 'N'),
(331, 'Vaishnavi Iyy (Air)', 'Airport', 'N'),
(332, 'Prahi ( Air)', 'Airport', 'N'),
(333, 'Priya general (Air)', 'Airport', 'N'),
(334, 'Ideal Bk (Air)', 'Airport', 'N'),
(335, 'Shakthi Anugraha', 'Airport', 'N'),
(336, 'Tikka Garage (Air)', 'Airport', 'N'),
(337, 'National ( Air )', 'Airport', 'N'),
(338, 'M S (Air)', 'Airport', 'N'),
(339, 'Bharath Store', 'Airport', 'N'),
(340, 'Hai lady', 'Airport', 'N'),
(341, 'Mahalaxmi (Air)', 'Airport', 'N'),
(342, 'Karavali Super Market', 'Airport', 'N'),
(343, 'Iyy Kuloor', 'Airport', 'N'),
(344, 'Bagavathi (Air)', 'Airport', 'N'),
(345, 'ABI Sweets', 'Airport', 'N'),
(346, 'S K (Air)', 'Airport', 'N'),
(347, 'Trishika Ent (Air)', 'Airport', 'N'),
(348, 'I.H. Super Market', 'Vamanjoor', 'N'),
(349, 'Mamma\'s Mini Mart', 'Vamanjoor', 'N'),
(350, 'SLV Iyy Vam', 'Vamanjoor', 'N'),
(351, 'Brahmari (Vam)', 'Vamanjoor', 'N'),
(352, 'Durga Store (Vam )', 'Vamanjoor', 'N'),
(353, 'Mamma\'s General', 'Vamanjoor', 'N'),
(354, 'Kamadhenu', 'Vamanjoor', 'N'),
(355, 'Tandoor Bar (Vam(', 'Vamanjoor', 'N'),
(356, 'Vaman', 'kuloor', 'N'),
(357, 'Sri devi (kuloor)', 'kuloor', 'N'),
(358, 'Swadesh Bar', 'Vamanjoor', 'N'),
(359, 'Amma (Kuloor)', 'kuloor', 'Y'),
(360, 'Iyy Vam Junction', 'Vamanjoor', 'N'),
(361, 'Karthik', 'kuloor', 'N'),
(362, 'Swad Bar', 'Vamanjoor', 'N'),
(363, 'Pizza Vam', 'Vamanjoor', 'N'),
(364, 'Chips Arabia', 'Vamanjoor', 'N'),
(365, 'NForce Canteen', 'Vamanjoor', 'N'),
(366, 'Sanjeevini', 'kuloor', 'N'),
(367, 'Modern Bakery 3', 'Vamanjoor', 'N'),
(368, 'Brahmarambike', 'kuloor', 'N'),
(369, 'Sangam store', '', 'N'),
(370, 'Iyy Permude', 'kuloor', 'N'),
(371, 'Wine N Spirits Kulshekara', 'Vamanjoor', 'N'),
(372, 'sandeep wholesale', 'kuloor', 'N'),
(373, 'Konkan Bar', 'Vamanjoor', 'N'),
(374, 'Suchi Super Bazar', 'Vamanjoor', 'N'),
(375, 'Durga bkry (mulky)', 'kuloor', 'N'),
(376, 'Best bakery Vam', 'Vamanjoor', 'N'),
(377, 'Cake N Caramel', 'Vamanjoor', 'N'),
(378, 'vijaya college', 'kuloor', 'N'),
(379, 'Students Square', 'Vamanjoor', 'N'),
(380, 'National (kuloor)', 'kuloor', 'N'),
(381, 'Gujaran', 'Vamanjoor', 'N'),
(382, 'Royal Food', 'Vamanjoor', 'N'),
(383, 'Indian super bazar', 'kuloor', 'N'),
(384, 'Mahaganapati', 'Vamanjoor', 'N'),
(385, 'snack zone (kuloor)', 'kuloor', 'N'),
(386, 'Ambika(kuloor)', 'kuloor', 'N'),
(387, 'Daily Buy', 'Vamanjoor', 'N'),
(388, 'Arpita Vam', 'Vamanjoor', 'N'),
(389, 'Vaishnavi(kuloor)', 'kuloor', 'N'),
(390, 'pizza(kuloor)', 'kuloor', 'N'),
(391, 'Food land(kuloor)', 'kuloor', 'N'),
(392, 'Hi Spirits Thokkottu', 'Vamanjoor', 'N'),
(393, 'Wine n Dine Thokkottu', 'Vamanjoor', 'N'),
(394, 'St Raymonds', 'Vamanjoor', 'N'),
(395, 'Janani 2', 'kuloor', 'N'),
(396, 'Om Sai Distributor', 'Vamanjoor', 'N'),
(397, 'Amma Juice (kuloor)', 'kuloor', 'N'),
(398, 'D\'Souza', 'Vamanjoor', 'N'),
(399, 'Vinu (kuloor)', 'kuloor', 'N'),
(400, 'Super Traders', 'Vamanjoor', 'N'),
(401, 'St Anna', 'Vamanjoor', 'N'),
(402, 'Prakash(kuloor)', 'kuloor', 'N'),
(403, 'Lobo Vam', 'Vamanjoor', 'N'),
(404, 'Spanda', 'kuloor', 'N'),
(405, 'UAS Vam', 'Vamanjoor', 'N'),
(406, 'JMJ (KULOOR)', 'kuloor', 'N'),
(407, 'Berry\'s N Cakes', 'Vamanjoor', 'N'),
(408, 'New cake(kuloor)', 'kuloor', 'N'),
(409, 'Iyy Gurupura', 'Vamanjoor', 'N'),
(410, 'welcome', 'kuloor', 'N'),
(411, 'Delight Bk Vam', 'Vamanjoor', 'N'),
(412, 'cutie', 'kuloor', 'N'),
(413, 'Modern Bakery 1', 'Vamanjoor', 'N'),
(414, 'Modern Bakery 2', 'Vamanjoor', 'N'),
(415, 'Live sweets', 'kuloor', 'N'),
(416, 'Sri Devi Vam', 'Vamanjoor', 'N'),
(417, 'Durgaparameshwari Vam', 'Vamanjoor', 'N'),
(418, 'Lathifa', 'kuloor', 'N'),
(419, 'Prashant Wines Vam', 'Vamanjoor', 'N'),
(420, 'Wild Spirits', 'Vamanjoor', 'N'),
(421, 'Soniya', 'KULOOR', 'N'),
(422, 'Big Store', 'Vamanjoor', 'N'),
(423, 'AVINASH BKRY(KULOOR)', 'KULOOR', 'N'),
(424, 'Vamanjoor Store', 'Vamanjoor', 'N'),
(425, 'National bk (kuloor)', 'KULOOR', 'N'),
(426, 'Hotel Shivaprasad Vam', 'Vamanjoor', 'N'),
(427, 'Metro Store', 'Vamanjoor', 'N'),
(428, 'Durga Prasad Vam', 'Vamanjoor', 'N'),
(429, 'C M(KULOOR)', 'KULOOR', 'N'),
(430, 'Just Bak Vam', 'Vamanjoor', 'N'),
(431, 'Fathima Vam', 'Vamanjoor', 'N'),
(432, 'Sathisk Kotian(kuloor)', 'KULOOR', 'N'),
(433, 'Loukhya Vam', 'Vamanjoor', 'N'),
(434, 'SVS Vam', 'Vamanjoor', 'N'),
(435, 'Mahalaxmi(kuloor)', 'KULOOR', 'N'),
(436, 'Ullas Bar', 'Vamanjoor', 'N'),
(437, 'Kolnad bkry', 'KULOOR', 'N'),
(438, 'Sip Ventures', 'Vamanjoor', 'N'),
(439, 'New iyy cake', 'KULOOR', 'N'),
(440, 'Avinash Bar', 'Vamanjoor', 'N'),
(441, 'Iyy Kulshekara', 'Vamanjoor', 'N'),
(442, 'Veg Vam', 'Vamanjoor', 'N'),
(443, 'Parle(kuloor)', 'KULOOR', 'N'),
(444, 'Dmello Bakery', 'Vamanjoor', 'N'),
(445, 'kitchen bells', 'KULOOR', 'N'),
(446, 'Jeevan Preseller', 'Vamanjoor', 'N'),
(447, 'bangalore iyy konchadi', 'KULOOR', 'N'),
(448, 'River Roost', 'Vamanjoor', 'N'),
(449, 'Royal(KULOOR)', 'KULOOR', 'N'),
(450, 'Smart', 'Vamanjoor', 'N'),
(451, 'Sri krishna (kuloor)', 'KULOOR', 'N'),
(452, 'Galaxy Bar', 'Vamanjoor', 'N'),
(453, 'Durga general(kuloor)', 'KULOOR', 'N'),
(454, 'Little Flower', 'Bajpe', 'N'),
(455, 'Kinnigoli super bazar', 'KULOOR', 'N'),
(456, 'New swathi (kuloor)', 'KULOOR', 'N'),
(457, 'Family Super Market', 'Bajpe', 'N'),
(458, 'Ice N Spice Bajpe', 'Bajpe', 'N'),
(459, 'Mandovi Motors', 'Bajpe', 'N'),
(460, 'Ambela', 'Bajpe', 'N'),
(461, 'Maryhill Store', 'Bajpe', 'N'),
(462, 'Tejas', 'KULOOR', 'N'),
(463, 'R k Mini Mart', 'Bajpe', 'N'),
(464, 'Grill chill', 'KULOOR', 'N'),
(465, 'Kavoor Bakery', 'Bajpe', 'N'),
(466, 'Koyla Rest', 'Bajpe', 'N'),
(467, 'Suavis', 'KULOOR', 'N'),
(468, 'Martiny Wholesale', 'Bajpe', 'N'),
(469, 'S M Store Vam', 'Bajpe', 'N'),
(470, 'Highway 66', 'Bajpe', 'N'),
(471, 'Bramarambika', 'KULOOR', 'N'),
(472, 'Pizza Bajpe', 'Bajpe', 'N'),
(473, 'Prashant Wines Kavoor', 'Bajpe', 'N'),
(474, 'Kudla Chavadi', 'Bajpe', 'N'),
(475, 'Durgaparameshwari Bajpe', 'Bajpe', 'N'),
(476, 'Pais', 'KULOOR', 'N'),
(477, 'SWATHI Bajpe', 'Bajpe', 'N'),
(478, 'Sai Samruddhi Bar', 'Bajpe', 'N'),
(479, 'Sri Devi Bajpe', 'Bajpe', 'N'),
(480, 'SDIT Canteen', 'Bajpe', 'N'),
(481, 'Dasami', 'KULOOR', 'N'),
(482, 'Hotel Janatha', 'Bajpe', 'N'),
(483, 'Ravindra', 'KULOOR', 'N'),
(484, 'Shanthi Bhavan Bajpe', 'Bajpe', 'N'),
(485, 'Nishma Super Market', 'Bajpe', 'N'),
(486, 'Karnad', 'KULOOR', 'N'),
(487, 'Sky Mart', 'Bajpe', 'N'),
(488, 'cool zone', 'KULOOR', 'N'),
(489, 'Kavoor Bar', 'Bajpe', 'N'),
(490, 'kalyani (kavoor)', 'KULOOR', 'N'),
(491, 'National Bajpe', 'Bajpe', 'N'),
(492, 'Iyy Konchady', 'Bajpe', 'N'),
(493, 'Karnad chips', 'KULOOR', 'N'),
(494, 'Vinayaka Bajpe', 'Bajpe', 'N'),
(495, 'Bappanadu', 'KULOOR', 'N'),
(496, 'Ganga Sagar', 'Bajpe', 'N'),
(497, 'shiva kalyani', 'KULOOR', 'N'),
(498, 'Ben len (kuloor)', 'KULOOR', 'N'),
(499, 'janani (kuloor)', 'KULOOR', 'N'),
(500, 'Jayaraj Bar', 'Bajpe', 'N'),
(501, 'Bajpe Sweets', 'Bajpe', 'N'),
(502, 'kcs (kuloor)', 'KULOOR', 'N'),
(503, 'Rajeshwari Bk Bajpe', 'Bajpe', 'N'),
(504, 'welcome(kuloor)', 'KULOOR', 'N'),
(505, 'Fathima Bajpe', 'Bajpe', 'N'),
(506, 'Ullal Fancy', 'Bajpe', 'N'),
(507, 'New cake palace(kuloor)', 'KULOOR', 'N'),
(508, 'Anjali Hotels Bajpe', 'Bajpe', 'N'),
(509, 'Naima', 'Bajpe', 'N'),
(510, 'iyy mulki', 'KULOOR', 'N'),
(511, 'Abhi Sweets Bajpe', 'Bajpe', 'N'),
(512, 'Amma Kiran', 'Bajpe', 'N'),
(513, 'sri durga gen(kuloor)', 'KULOOR', 'N'),
(514, 'A.K . Bajpe', 'Bajpe', 'N'),
(515, 'Sachitha Bar', 'Bajpe', 'N'),
(516, 'sangam fruit', 'KULOOR', 'N'),
(517, 'Max Hyper Market', 'Bajpe', 'N'),
(518, 'Kitchen Bell\'s', 'Bajpe', 'N'),
(519, 'Sequira', 'KULOOR', 'N'),
(520, 'Sri Durga Bajpe', 'Bajpe', 'N'),
(521, 'Kubera Bajpe', 'Bajpe', 'N'),
(522, 'New bangl iyy (kuloor)', 'KULOOR', 'N'),
(523, 'Suvarna General', 'Bajpe', 'N'),
(524, 'Sujatha Store', 'Bajpe', 'N'),
(525, 'Mithun Preseller', 'Bajpe', 'N'),
(526, 'Devi Canteen', 'Bajpe', 'N'),
(527, 'KRK Gen Bajpe', 'Bajpe', 'N'),
(528, 'Amma Kateeleshwari Bajpe', 'Bajpe', 'N'),
(529, 'Hotel Ambika', 'Bajpe', 'N'),
(530, 'Navami Plaza', 'Bajpe', 'N'),
(531, 'Laxmi Prov Bajpe', 'Bajpe', 'N'),
(532, 'Devi shiraj caters', 'KULOOR', 'N'),
(533, 'Fresh Veg Bajpe', 'Bajpe', 'N'),
(534, 'Nithyananda Kamath', 'Bajpe', 'N'),
(535, 'Samrat Wines', 'Bajpe', 'N'),
(536, 'Sai Kripa Bajpe', 'Bajpe', 'N'),
(537, 'Vinayaka(kuloor)', 'KULOOR', 'N'),
(538, 'A To Z', 'Bajpe', 'N'),
(539, 'Mookambika Bajpe', 'Bajpe', 'N'),
(540, 'Ambika Cook', 'Bajpe', 'N'),
(541, 'Maruti Bzr', 'Bajpe', 'N'),
(542, 'C mart', 'Bajpe', 'N'),
(543, 'Porkodi Dwara', 'Bajpe', 'N'),
(544, 'Yash Store', 'Bajpe', 'N'),
(545, 'Costa Bakery Bajpe', 'Bajpe', 'N'),
(546, 'Jayashree', 'KULOOR', 'N'),
(547, 'AJ Wine zone', 'Bajpe', 'N'),
(548, 'Marakada Bar', 'Bajpe', 'N'),
(549, 'durga ice (kuloor)', 'KULOOR', 'N'),
(550, 'Nisarga Bajpe', 'Bajpe', 'N'),
(551, 'Milan Bakery', 'Bajpe', 'N'),
(552, 'Rathan', 'KULOOR', 'N'),
(553, 'Amma Check Post', 'Bajpe', 'N'),
(554, 'Aramane Sweets', 'Bajpe', 'N'),
(555, 'Siddi Food work', 'Bajpe', 'N'),
(556, 'Spanda bkry', 'KULOOR', 'N'),
(557, 'Jaara shop', 'Bajpe', 'N'),
(558, 'Katteyangadi', 'Bajpe', 'N'),
(559, 'Amma Sweets Bajpe', 'Bajpe', 'N'),
(560, 'New light Bk', 'Bajpe', 'N'),
(561, 'Wine n Dine Rest Bajpe', 'Bajpe', 'N'),
(562, 'Cafe J one', 'Bajpe', 'N'),
(563, 'Kudupu Mini bzr', 'Vamanjoor', 'N'),
(564, 'Om Sai Neermarga', 'Vamanjoor', 'N'),
(565, 'P M Gen', 'Vamanjoor', 'N'),
(566, 'Kudupu General', 'Vamanjoor', 'N'),
(567, 'Cake Palace Bam', 'Vamanjoor', 'Y'),
(568, 'Cake Palace Vam', 'Vamanjoor', 'N'),
(569, 'Rego Vam', 'Vamanjoor', 'N'),
(570, 'Shakti Nagar Store', 'Vamanjoor', 'N'),
(571, 'Sunrise Super Market', 'Vamanjoor', 'N'),
(572, 'Ambika Sweets', 'Vamanjoor', 'N'),
(573, 'Aakash Store', 'Vamanjoor', 'N'),
(574, 'SR Caterers', 'Vamanjoor', 'N'),
(575, 'Laxmi Vam', 'Vamanjoor', 'N'),
(576, 'Sagar Gen Vam', 'Vamanjoor', 'N'),
(577, 'Amrutheshwara gen Vam', 'Vamanjoor', 'N'),
(578, 'Sri Devi Kripa Vam', 'Vamanjoor', 'N'),
(579, 'K.K Ent Vam', 'Vamanjoor', 'N'),
(580, 'Bake N Shake Baik', 'Baikampady', 'N'),
(581, 'Katipalla super Bzr', 'Baikampady', 'N'),
(582, 'Hotel Biriyani Baik', 'Baikampady', 'Y'),
(583, 'Shabari', 'Baikampady', 'N'),
(584, 'Kulluganana', 'Baikampady', 'N'),
(585, 'Chintu Dhaba', 'Baikampady', 'N'),
(586, 'Bonda Shop', 'Baikampady', 'N'),
(587, 'Fresh Fruits', 'Baikampady', 'N'),
(588, 'Cafeteria', 'Baikampady', 'N'),
(589, 'Nanda Deepa', 'Baikampady', 'Y'),
(590, 'Eight /11', 'Baikampady', 'N'),
(591, 'Shri Sai Baik', 'Baikampady', 'N'),
(592, 'Souza Baik', 'Baikampady', 'N'),
(593, 'Prince Gen', 'Baikampady', 'N'),
(594, 'Panambur Food', 'Baikampady', 'N'),
(595, 'Badriya Baik', 'Baikampady', 'N'),
(596, 'A J Baik', 'Baikampady', 'N'),
(597, 'Jayanth Amin', 'Baikampady', 'N'),
(598, 'VB Iyy Baik', 'Baikampady', 'N'),
(599, 'Supriya Bar', 'Baikampady', 'N'),
(600, 'Chamundi Baik', 'Baikampady', 'N'),
(601, 'Gajanana Baik', 'Baikampady', 'N'),
(602, 'New br BKRY', 'KULOOR', 'N'),
(603, 'SLV Iyy Baik', 'Baikampady', 'N'),
(604, 'Vejendraa Preseller', 'Kuloor', 'N'),
(605, 'SRI SAI GEN (KULOOR)', 'KULOOR', 'N'),
(606, 'VIJENDRA', 'KULOOR', 'N'),
(607, 'Hotel abhinandan(kuloor)', 'KULOOR', 'N'),
(608, 'krishna iyy (kuloor)', 'KULOOR', 'N'),
(609, 'sri devi kateel (kuloor)', 'KULOOR', 'N'),
(610, 'sri durga (mulky)', 'KULOOR', 'N'),
(611, 'panchadurga', 'KULOOR', 'N'),
(612, 'Samrudhi(surathkal)', 'surathkal', 'N'),
(613, 'Ruchitha', 'surathkal', 'N'),
(614, 'suvarna (surathkal)', 'surathkal', 'N'),
(615, 'patel(surathkal)', 'surathkal', 'N'),
(616, 'tikka hut', 'surathkal', 'N'),
(617, 'souza bkry (surathkal)', 'surathkal', 'N'),
(618, 'kaveri soda shop', 'surathkal', 'N'),
(619, 'kaveri soda (surathkal)', 'surathkal', 'N'),
(620, 'durga bkry (surathkal)', 'surathkal', 'N'),
(621, 'sai bazar (surathkal)', 'surathkal', 'N'),
(622, 'walk in (surathkal)', 'surathkal', 'N'),
(623, 'H.BL', 'surathkal', 'N'),
(624, 'BLACK(SURATHKAL)', 'surathkal', 'N'),
(625, 'Lalith', 'surathkal', 'N'),
(626, 'gowtham', 'surathkal', 'N'),
(627, 'sharath bar(surathkal)', 'surathkal', 'N'),
(628, 'Red rock (surathkal)', 'surathkal', 'N'),
(629, 'Devanidhi', 'surathkal', 'N'),
(630, 'galaxy', 'surathkal', 'N'),
(631, 'alva (surathkal)', 'surathkal', 'N'),
(632, 'bharath ck (surathkal)', 'surathkal', 'N'),
(633, 'Anvi (surathkal)', 'surathkal', 'N'),
(634, 'surya(surathkal)', 'surathkal', 'N'),
(635, 'sarathi(surathkal)', 'surathkal', 'N'),
(636, 'garuda bar', 'surathkal', 'N'),
(637, 'Akshaya bar (surathkal)', '', 'N'),
(638, 'shreyas', 'surathkal', 'N'),
(639, 'Bus stand (surathkal)', 'surathkal', 'N'),
(640, 'sadananda', 'surathkal', 'N'),
(641, 'shan bhag', 'surathkal', 'N'),
(642, 'Sri ragavendra', 'surathkal', 'N'),
(643, 'Navashakthi', '', 'N'),
(644, 'kiran', 'surathkal', 'N'),
(645, 'prajwal (surathkal)', 'surathkal', 'N'),
(646, 'food land(surathkal)', 'surathkal', 'N'),
(647, 'IYY BKRY (surathkal)', 'surathkal', 'N'),
(648, 'karnataka bkry (surathkal)', 'surathkal', 'N'),
(649, 'sharath bar', 'surathkal', 'N'),
(650, 'kateeleshwari(surathkal)', 'surathkal', 'N'),
(651, 'prashanth(surathkal)', 'surathkal', 'N'),
(652, 'suraj', 'surathkal', 'N'),
(653, 'Ragavendra', 'surathkal', 'N'),
(654, 'pizza(surathkal)', 'surathkal', 'N'),
(655, 'new souza (surathkal)', 'surathkal', 'N'),
(656, 'marwa (surathkal)', 'surathkal', 'N'),
(657, 'vinod cold', 'surathkal', 'N'),
(658, 'spicey (surathkal)', 'surathkal', 'N'),
(659, 'Anvi juice', 'surathkal', 'N'),
(660, 'Ramleela (surathkal)', 'surathkal', 'N'),
(661, 'samrudhi canteen', 'surathkal', 'N'),
(662, 'H.Rachitha', 'surathkal', 'N'),
(663, 'Govindasa', 'surathkal', 'N'),
(664, 'SADANDA', 'surathkal', 'N'),
(665, 'Bagavathi(surathkal)', 'surathkal', 'N'),
(666, 'durga nandini(surathkal)', 'surathkal', 'N'),
(667, 'COASTAL (SURATHKAL)', 'surathkal', 'N'),
(668, 'Bhoomi', 'surathkal', 'N'),
(669, 'vailankani(surathkal)', 'surathkal', 'N'),
(670, 'Likitha(surathkal)', 'surathkal', 'N'),
(671, 'Galaxy (surathkal)', 'surathkal', 'N'),
(672, 'reddy', 'surathkal', 'N'),
(673, 'Naturals (surathkal)', 'surathkal', 'N'),
(674, 'S G MP', 'surathkal', 'N'),
(675, 'K P', 'surathkal', 'N'),
(676, 'sri vari(surathkal)', 'surathkal', 'N'),
(677, 'Nandini milk', 'surathkal', 'N'),
(678, 'pallavi', 'surathkal', 'N'),
(679, 'HI BAKE', 'surathkal', 'N'),
(680, 'Najrana', 'surathkal', 'N'),
(681, 'Juice box(sur)', 'surathkal', 'N'),
(682, 'pavithram', 'surathkal', 'N'),
(683, 'k n shetty', 'surathkal', 'N'),
(684, 'sathya', 'surathkal', 'N'),
(685, 'gokuladham', 'surathkal', 'N'),
(686, 'subha(sur)', '', 'N'),
(687, 'pooja kamal', '', 'N');

-- --------------------------------------------------------

--
-- Table structure for table `supply`
--

CREATE TABLE `supply` (
  `id` bigint(20) NOT NULL COMMENT 'Supply Id',
  `suppliers_id` bigint(255) NOT NULL COMMENT 'Suppliers ID',
  `particulars` varchar(500) NOT NULL COMMENT 'Product Details',
  `quantity` varchar(255) NOT NULL COMMENT 'quantity',
  `debit` bigint(20) NOT NULL COMMENT 'debit',
  `credit` bigint(20) NOT NULL COMMENT 'credit',
  `date` date NOT NULL COMMENT 'date',
  `deleted` varchar(3) NOT NULL DEFAULT 'N'
) ENGINE=InnoDB DEFAULT CHARSET=utf8 COLLATE=utf8_general_ci;

--
-- Dumping data for table `supply`
--

INSERT INTO `supply` (`id`, `suppliers_id`, `particulars`, `quantity`, `debit`, `credit`, `date`, `deleted`) VALUES
(1, 1, '', '', 1000, 6294, '2022-10-11', 'N'),
(2, 5, 'Airport', '', 0, 2692, '2022-10-11', 'N'),
(3, 4, '', '', 0, 3219, '2022-10-11', 'N'),
(4, 3, '', '', 0, 3214, '2022-10-11', 'N'),
(5, 4, '', '', 500, 0, '2022-10-12', 'N'),
(6, 3, '', '', 1000, 0, '2022-10-12', 'N'),
(7, 5, '', '', 1000, 0, '2022-10-12', 'N'),
(8, 1, '', '', 1000, 0, '2022-10-12', 'N'),
(9, 1, '', '', 0, 2500, '2022-10-12', 'N'),
(10, 3, '', '', 0, 3000, '2022-10-12', 'N'),
(11, 2, '', '', 0, 7000, '2022-10-12', 'N'),
(12, 5, '', '', 800, 0, '2022-10-14', 'N'),
(13, 4, '', '', 1200, 0, '2022-10-14', 'N'),
(14, 3, '', '', 600, 0, '2022-10-14', 'N'),
(15, 2, '', '', 900, 0, '2022-10-14', 'N'),
(16, 1, '', '', 1500, 0, '2022-10-14', 'N'),
(17, 6, '', '', 0, 1000, '2022-11-17', 'N'),
(18, 6, 'New', 'Ashwith', 0, 1000, '2022-11-18', 'N'),
(19, 6, '', '', 0, 5000, '2022-11-18', 'N'),
(20, 7, 'Coke', 'Naveen', 0, 1000, '2022-11-22', 'N'),
(21, 8, 'new test', 'ashu', 0, 1000, '2022-11-25', 'N'),
(22, 6, '', '', 50, 50, '2022-11-25', 'N'),
(23, 6, '', '', 1000, 0, '2022-11-25', 'N'),
(24, 9, '', 'shasi', 0, 10000, '2022-11-25', 'N'),
(25, 9, '', '', 500, 0, '2022-11-25', 'N'),
(26, 8, '', '', 500, 0, '2022-11-26', 'N'),
(27, 10, '', '', 0, 2545, '2022-11-28', 'N'),
(28, 11, '', '', 0, 3000, '2022-11-25', 'N'),
(29, 8, 'Coke', 'Naveen', 0, 500, '2022-11-28', 'N'),
(30, 12, '', '', 0, 1850, '2022-11-25', 'N'),
(31, 13, '', '', 0, 1450, '2022-11-25', 'N'),
(32, 14, '', '', 0, 1300, '2022-11-25', 'N'),
(33, 15, '', '', 0, 3515, '2022-11-25', 'N'),
(34, 16, '', '', 0, 10795, '2022-11-25', 'N'),
(35, 17, '', '', 0, 10567, '2022-11-25', 'N'),
(36, 18, '', '', 0, 2513, '2022-11-25', 'N'),
(37, 19, '', '', 0, 905, '2022-11-25', 'N'),
(38, 20, '', '', 0, 17178, '2022-11-25', 'N'),
(39, 21, '', '', 0, 3630, '2022-11-25', 'N'),
(40, 22, '', '', 0, 384, '2022-11-25', 'N'),
(41, 23, '', '', 0, 18844, '2022-11-25', 'N'),
(42, 24, '', '', 0, 1485, '2022-11-26', 'N'),
(43, 25, '', '', 0, 1040, '2022-11-26', 'N'),
(44, 26, '', '', 0, 1364, '2022-11-26', 'N'),
(45, 27, '', '', 0, 2214, '2022-11-26', 'N'),
(46, 28, '', '', 0, 767, '2022-11-26', 'N'),
(47, 29, '', '', 0, 4358, '2022-11-26', 'N'),
(48, 30, '', '', 0, 1787, '2022-11-26', 'N'),
(49, 31, '', '', 0, 1374, '2022-11-26', 'N'),
(50, 32, '', '', 0, 468, '2022-11-26', 'N'),
(51, 33, '', '', 0, 545, '2022-11-26', 'N'),
(52, 34, '', '', 0, 1108, '2022-11-26', 'N'),
(53, 35, '', '', 0, 1470, '2022-11-26', 'N'),
(54, 36, '', '', 0, 1045, '2022-11-26', 'N'),
(55, 37, '', '', 0, 2033, '2022-11-26', 'N'),
(56, 38, '', '', 0, 1591, '2022-11-26', 'N'),
(57, 38, '', '', 0, 1591, '2022-11-26', 'N'),
(58, 38, '', '', 0, 1591, '2022-11-26', 'N'),
(59, 39, '', '', 0, 14870, '2022-11-25', 'N'),
(60, 40, '', '', 0, 3540, '2022-11-25', 'N'),
(61, 41, '', '', 0, 1263, '2022-11-25', 'N'),
(62, 42, '', '', 0, 1262, '2022-11-25', 'N'),
(63, 44, '', '', 0, 192, '2022-11-25', 'N'),
(64, 45, '', '', 0, 292, '2022-11-25', 'N'),
(65, 46, '', '', 0, 2261, '2022-11-25', 'N'),
(66, 47, '', '', 0, 4118, '2022-11-25', 'N'),
(67, 48, '', '', 0, 1438, '2022-11-25', 'N'),
(68, 49, '', '', 0, 7907, '2022-11-25', 'N'),
(69, 50, '', '', 0, 3679, '2022-11-25', 'N'),
(70, 51, '', '', 0, 1221, '2022-11-25', 'N'),
(71, 52, '', '', 0, 24498, '2022-11-26', 'N'),
(72, 47, '', '', 0, 16577, '2022-11-26', 'N'),
(73, 53, '', '', 0, 12981, '2022-11-26', 'N'),
(74, 54, '', '', 0, 457, '2022-11-26', 'N'),
(75, 55, '', '', 0, 384, '2022-11-26', 'N'),
(76, 56, '', '', 0, 1129, '2022-11-26', 'N'),
(77, 57, '', '', 0, 1062, '2022-11-26', 'N'),
(78, 58, '', '', 0, 1661, '2022-11-26', 'N'),
(79, 59, '', '', 0, 503, '2022-11-26', 'N'),
(80, 60, '', '', 0, 2552, '2022-11-25', 'N'),
(81, 61, '', '', 0, 2672, '2022-11-26', 'N'),
(82, 62, '', '', 0, 576, '2022-11-26', 'N'),
(83, 63, '', '', 0, 384, '2022-11-26', 'N'),
(84, 64, '', '', 0, 2042, '2022-11-26', 'N'),
(85, 65, '', '', 0, 1008, '2022-11-26', 'N'),
(86, 66, '', '', 0, 6783, '2022-11-26', 'N'),
(87, 43, '', '', 0, 940, '2022-11-25', 'N'),
(88, 65, '', '', 8, 0, '2022-11-28', 'N'),
(89, 67, '', '', 0, 2480, '2022-11-28', 'N'),
(90, 68, '', '', 0, 2488, '2022-11-28', 'N'),
(91, 69, '', '', 0, 1965, '2022-11-28', 'N'),
(92, 70, '', '', 0, 4651, '2022-11-28', 'N'),
(93, 71, '', '', 0, 2489, '2022-11-28', 'N'),
(94, 72, '', '', 0, 1503, '2022-11-28', 'N'),
(95, 73, '', '', 0, 539, '2022-11-28', 'N'),
(96, 74, '', '', 0, 723, '2022-11-28', 'N'),
(97, 75, '', '', 0, 539, '2022-11-28', 'N'),
(98, 76, '', '', 0, 1302, '2022-11-28', 'N'),
(99, 77, '', '', 0, 1350, '2022-11-28', 'N'),
(100, 78, '', '', 0, 403, '2022-11-28', 'N'),
(101, 79, '', '', 0, 6726, '2022-11-28', 'N'),
(102, 80, '', '', 0, 2002, '2022-11-28', 'N'),
(103, 10, '', '', 2545, 0, '2022-11-29', 'N'),
(104, 11, '', '', 3000, 0, '2022-11-29', 'N'),
(105, 14, '', '', 1300, 0, '2022-11-29', 'N'),
(106, 15, '', '', 3515, 0, '2022-11-29', 'N'),
(107, 16, '', '', 5756, 0, '2022-11-29', 'N'),
(108, 18, '', '', 2513, 0, '2022-11-29', 'N'),
(109, 19, '', '', 905, 0, '2022-11-29', 'N'),
(110, 21, '', '', 3630, 0, '2022-11-29', 'N'),
(111, 22, '', '', 384, 0, '2022-11-29', 'N'),
(112, 23, '', '', 8248, 0, '2022-11-29', 'N'),
(113, 23, '', '', 10596, 0, '2022-11-29', 'N'),
(114, 27, '', '', 2214, 0, '2022-11-29', 'N'),
(115, 29, '', '', 4358, 0, '2022-11-29', 'N'),
(116, 81, '', '', 0, 1471, '2022-11-29', 'N'),
(117, 81, '', '', 0, 525, '2022-11-28', 'N'),
(118, 82, '', '', 0, 576, '2022-11-28', 'N'),
(119, 83, '', '', 0, 1919, '2022-11-28', 'N'),
(120, 84, '', '', 0, 2578, '2022-11-28', 'N'),
(121, 85, '', '', 0, 1661, '2022-11-28', 'N'),
(122, 86, '', '', 0, 7311, '2022-11-28', 'N'),
(123, 87, '', '', 0, 1097, '2022-11-28', 'N'),
(124, 88, '', '', 0, 570, '2022-11-28', 'N'),
(125, 89, '', '', 0, 4647, '2022-11-28', 'N'),
(126, 41, '', '', 1263, 0, '2022-11-29', 'N'),
(127, 42, '', '', 1262, 0, '2022-11-29', 'N'),
(128, 43, '', '', 940, 0, '2022-11-29', 'N'),
(129, 44, '', '', 192, 0, '2022-11-29', 'N'),
(130, 46, '', '', 1000, 0, '2022-11-29', 'N'),
(131, 51, '', '', 1221, 0, '2022-11-29', 'N'),
(132, 90, '', '', 0, 5210, '2022-11-29', 'N'),
(133, 51, '', '', 0, 682, '2022-11-29', 'N'),
(134, 91, '', '', 0, 5946, '2022-11-29', 'N'),
(135, 42, '', '', 0, 1735, '2022-11-29', 'N'),
(136, 44, '', '', 0, 192, '2022-11-29', 'N'),
(137, 92, '', '', 0, 556, '2022-11-29', 'N'),
(138, 52, '', '', 0, 16293, '2022-11-29', 'N'),
(139, 20, '', '', 0, 3102, '2022-11-29', 'N'),
(140, 19, '', '', 0, 839, '2022-11-29', 'N'),
(141, 93, '', '', 0, 192, '2022-11-29', 'N'),
(142, 95, '', '', 0, 1024, '2022-11-29', 'N'),
(143, 14, '', '', 0, 1296, '2022-11-29', 'N'),
(144, 21, '', '', 0, 905, '2022-11-29', 'N'),
(145, 15, '', '', 0, 2387, '2022-11-29', 'N'),
(146, 94, '', '', 0, 15535, '2022-11-29', 'N'),
(147, 22, '', '', 0, 1191, '2022-11-29', 'N'),
(148, 96, '', '', 0, 1471, '2022-11-29', 'N'),
(149, 47, 'cheque', '', 4118, 0, '2022-11-30', 'N'),
(150, 47, 'cheque', '', 16577, 0, '2022-11-30', 'N'),
(151, 54, 'cash received', '', 457, 0, '2022-11-30', 'N'),
(152, 55, 'cash received', '', 384, 0, '2022-11-30', 'N'),
(153, 56, 'cash', '', 1129, 0, '2022-11-30', 'N'),
(154, 57, 'cash', '', 1062, 0, '2022-11-30', 'N'),
(155, 58, 'cash', '', 1661, 0, '2022-11-30', 'N'),
(156, 62, 'cash', '', 576, 0, '2022-11-30', 'N'),
(157, 63, 'cash', '', 384, 0, '2022-11-30', 'N'),
(158, 64, 'cash', '', 2042, 0, '2022-11-30', 'N'),
(159, 65, 'cash', '', 1008, 0, '2022-11-30', 'N'),
(160, 20, 'cash', '', 17178, 0, '2022-11-30', 'N'),
(161, 24, 'cash', '', 1485, 0, '2022-11-30', 'N'),
(162, 26, 'cash', '', 1364, 0, '2022-11-30', 'N'),
(163, 28, 'cash', '', 767, 0, '2022-11-30', 'N'),
(164, 30, 'cash', '', 1787, 0, '2022-11-30', 'N'),
(165, 32, 'cash', '', 468, 0, '2022-11-30', 'N'),
(166, 33, 'cash', '', 545, 0, '2022-11-30', 'N'),
(167, 34, 'cash', '', 1108, 0, '2022-11-30', 'N'),
(168, 36, 'cash', '', 1045, 0, '2022-11-30', 'N'),
(169, 37, 'cash', '', 2033, 0, '2022-11-30', 'N'),
(170, 38, 'cash', '', 1591, 0, '2022-11-30', 'N'),
(171, 25, 'neft', '', 1040, 0, '2022-11-30', 'N'),
(172, 66, '', '', 0, 539, '2022-11-30', 'N'),
(173, 55, '', '', 0, 860, '2022-11-30', 'N'),
(174, 56, '', '', 0, 1264, '2022-11-30', 'N'),
(175, 57, '', '', 0, 719, '2022-11-30', 'N'),
(176, 60, '', '', 0, 7357, '2022-11-30', 'N'),
(177, 63, '', '', 0, 723, '2022-11-30', 'N'),
(178, 105, '', '', 0, 3000, '2022-11-30', 'N'),
(179, 106, '', '', 0, 1310, '2022-11-30', 'N'),
(180, 108, '', '', 0, 403, '2022-11-30', 'N'),
(181, 47, '', '', 0, 28010, '2022-11-30', 'N'),
(182, 107, '', '', 0, 576, '2022-11-30', 'N'),
(183, 50, 'CASH', '', 3679, 0, '2022-12-01', 'N'),
(184, 81, 'NEFT', '', 1471, 0, '2022-12-01', 'N'),
(185, 81, 'NEFT', '', 525, 0, '2022-12-01', 'N'),
(186, 82, 'CASH', '', 576, 0, '2022-12-01', 'N'),
(187, 83, 'NEFT', '', 1919, 0, '2022-12-01', 'N'),
(188, 87, 'CASH', '', 1097, 0, '2022-12-01', 'N'),
(189, 88, 'CASH', '', 570, 0, '2022-12-01', 'N'),
(190, 26, '', '', 0, 3826, '2022-11-30', 'N'),
(191, 30, '', '', 0, 1758, '2022-11-30', 'N'),
(192, 97, '', '', 0, 1455, '2022-11-30', 'N'),
(193, 98, '', '', 0, 2042, '2022-11-30', 'N'),
(194, 32, '', '', 0, 814, '2022-11-30', 'N'),
(195, 35, '', '', 0, 886, '2022-11-30', 'N'),
(196, 106, '', '', 0, 1728, '2022-11-30', 'N'),
(197, 97, '', '', 0, 1455, '2022-11-30', 'N'),
(198, 33, '', '', 0, 934, '2022-11-30', 'N'),
(199, 34, '', '', 0, 1905, '2022-11-30', 'N'),
(200, 100, '', '', 0, 2260, '2022-11-30', 'N'),
(201, 38, '', '', 0, 2228, '2022-11-30', 'N'),
(202, 37, '', '', 0, 1661, '2022-11-30', 'N'),
(203, 101, '', '', 0, 2064, '2022-11-30', 'N'),
(204, 24, '', '', 0, 3608, '2022-11-30', 'N'),
(205, 36, '', '', 0, 639, '2022-11-30', 'N'),
(206, 103, '', '', 0, 29372, '2022-11-30', 'N'),
(207, 17, 'cheque', '', 10567, 0, '2022-12-01', 'N'),
(208, 35, 'neft', '', 1470, 0, '2022-12-01', 'N'),
(209, 67, 'cash', '', 2480, 0, '2022-12-01', 'N'),
(210, 68, 'cash', '', 2488, 0, '2022-12-01', 'N'),
(211, 69, 'cash', '', 1965, 0, '2022-12-01', 'N'),
(212, 71, 'cash', '', 2000, 0, '2022-12-01', 'N'),
(213, 73, 'cash', '', 539, 0, '2022-12-01', 'N'),
(214, 74, 'neft', '', 723, 0, '2022-12-01', 'N'),
(215, 72, 'cash', '', 539, 0, '2022-12-01', 'N'),
(216, 76, '', '', 0, 1302, '2022-12-01', 'N'),
(217, 77, 'cash', '', 1350, 0, '2022-12-01', 'N'),
(218, 78, 'cash', '', 403, 0, '2022-12-01', 'N'),
(219, 38, 'cheque', '', 6726, 0, '2022-12-01', 'N'),
(220, 80, 'cash', '', 2002, 0, '2022-12-01', 'N'),
(221, 68, '', '', 0, 5097, '2022-12-01', 'N'),
(222, 67, '', '', 0, 4486, '2022-12-01', 'N'),
(223, 70, '', '', 0, 6180, '2022-12-01', 'N'),
(224, 71, '', '', 0, 2636, '2022-12-01', 'N'),
(225, 69, '', '', 0, 1915, '2022-12-01', 'N'),
(226, 76, '', '', 0, 767, '2022-12-01', 'N'),
(227, 80, '', '', 0, 4725, '2022-12-01', 'N'),
(228, 111, '', '', 0, 2263, '2022-12-01', 'N'),
(229, 74, '', '', 0, 598, '2022-12-01', 'N'),
(230, 112, '', '', 0, 1170, '2022-12-01', 'Y'),
(231, 110, '', '', 0, 908, '2022-12-01', 'N'),
(232, 78, '', '', 0, 1076, '2022-12-01', 'N'),
(233, 79, '', '', 0, 1552, '2022-12-01', 'N'),
(234, 109, '', '', 0, 2064, '2022-12-01', 'N'),
(235, 113, '', '', 0, 5407, '2022-12-01', 'N'),
(236, 114, '', '', 0, 12050, '2022-12-01', 'N'),
(237, 115, '', '', 0, 3415, '2022-12-01', 'N'),
(238, 16, 'cash', '', 5039, 0, '2022-12-02', 'N'),
(239, 13, 'cash', '', 1450, 0, '2022-12-02', 'N'),
(240, 70, 'cash', '', 4651, 0, '2022-12-02', 'N'),
(241, 71, 'cash', '', 489, 0, '2022-12-02', 'N'),
(242, 72, 'cash', '', 1503, 0, '2022-12-02', 'N'),
(243, 20, 'cash', '', 3102, 0, '2022-12-02', 'N'),
(244, 19, 'cash', '', 839, 0, '2022-12-02', 'N'),
(245, 96, 'cash', '', 1471, 0, '2022-12-02', 'N'),
(246, 93, 'cash', '', 192, 0, '2022-12-02', 'N'),
(247, 95, 'cash', '', 1024, 0, '2022-12-02', 'N'),
(248, 14, 'cash', '', 1296, 0, '2022-12-02', 'N'),
(249, 21, 'neft', '', 905, 0, '2022-12-02', 'N'),
(250, 15, 'cash', '', 2387, 0, '2022-12-02', 'N'),
(251, 22, 'cash', '', 1191, 0, '2022-12-02', 'N'),
(252, 78, 'cash', '', 1076, 0, '2022-12-02', 'N'),
(253, 116, '', '', 0, 1177, '2022-12-01', 'N'),
(254, 83, '', '', 0, 1661, '2022-12-01', 'N'),
(255, 50, '', '', 0, 3758, '2022-12-01', 'N'),
(256, 84, '', '', 0, 2820, '2022-12-01', 'N'),
(257, 87, '', '', 0, 1104, '2022-12-01', 'N'),
(258, 81, '', '', 0, 3078, '2022-12-01', 'N'),
(259, 117, '', '', 0, 490, '2022-12-01', 'N'),
(260, 69, '13903', '', 0, 13903, '2022-12-01', 'N'),
(261, 118, '', '', 0, 465, '2022-12-01', 'N'),
(262, 2, '', '', 0, 5747, '2022-12-01', 'N'),
(263, 119, '', '', 0, 3365, '2022-12-01', 'N'),
(264, 48, '', '', 1438, 0, '2022-12-02', 'N'),
(265, 46, 'cash', '', 1261, 0, '2022-12-02', 'N'),
(266, 51, 'cash', '', 682, 0, '2022-12-02', 'N'),
(267, 42, 'cash', '', 1735, 0, '2022-12-02', 'N'),
(268, 44, 'cash', '', 192, 0, '2022-12-02', 'N'),
(269, 92, 'cash', '', 556, 0, '2022-12-02', 'N'),
(270, 121, 'new', 'naveen', 0, 500, '2022-12-02', 'N'),
(271, 121, '', '', 0, 100, '2022-12-03', 'N'),
(272, 121, '', '', 0, 50, '2022-12-02', 'N'),
(273, 120, '', '', 0, 50, '2022-12-03', 'N'),
(274, 122, '', '', 0, 100, '2022-12-02', 'N'),
(275, 123, '', '', 0, 50, '2022-12-04', 'N'),
(276, 122, '', '', 0, 50, '2022-12-04', 'N'),
(277, 123, '', '', 0, 50, '2022-12-04', 'N'),
(278, 123, '', '', 0, 50, '2022-12-04', 'N'),
(279, 123, '', '', 0, 50, '2022-12-04', 'N'),
(280, 122, '', '', 0, 50, '2022-12-04', 'N'),
(281, 126, '', '', 0, 38125, '2022-12-02', 'N'),
(282, 39, '', '', 0, 7861, '2022-12-02', 'N'),
(283, 40, '', '', 0, 3220, '2022-12-02', 'N'),
(284, 42, '', '', 0, 1801, '2022-12-02', 'N'),
(285, 124, '', '', 0, 767, '2022-12-02', 'N'),
(286, 43, '', '', 0, 2314, '2022-12-02', 'N'),
(287, 125, '', '', 0, 2194, '2022-12-02', 'N'),
(288, 44, '', '', 0, 362, '2022-12-02', 'N'),
(289, 45, '', '', 0, 2734, '2022-12-02', 'N'),
(290, 112, '', '', 0, 857, '2022-12-02', 'Y'),
(291, 46, '', '', 0, 2765, '2022-12-02', 'N'),
(292, 51, '', '', 0, 380, '2022-12-02', 'N'),
(293, 48, '', '', 0, 2816, '2022-12-02', 'N'),
(294, 49, '', '', 0, 12978, '2022-12-02', 'N'),
(295, 49, '', '', 0, 510, '2022-12-02', 'N'),
(296, 47, '', '', 0, 17530, '2022-12-03', 'N'),
(297, 127, '', '', 0, 1499, '2022-12-03', 'N'),
(298, 127, '', '', 0, 1123, '2022-12-03', 'N'),
(299, 53, '', '', 0, 18854, '2022-12-03', 'N'),
(300, 69, '', '', 0, 1011, '2022-12-03', 'N'),
(301, 63, '', '', 0, 384, '2022-12-03', 'N'),
(302, 128, '', '', 0, 633, '2022-12-03', 'N'),
(303, 55, '', '', 0, 1244, '2022-12-03', 'N'),
(304, 129, '', '', 0, 2085, '2022-12-03', 'N'),
(305, 57, '', '', 0, 490, '2022-12-03', 'N'),
(306, 61, '', '', 0, 2954, '2022-12-03', 'N'),
(307, 58, '', '', 0, 192, '2022-12-03', 'N'),
(308, 60, '', '', 0, 6194, '2022-12-03', 'N'),
(309, 130, '', '', 0, 2752, '2022-12-03', 'N'),
(310, 131, '', '', 0, 3471, '2022-12-03', 'N'),
(311, 65, '', '', 0, 2481, '2022-12-03', 'N'),
(312, 132, '', '', 0, 1344, '2022-12-03', 'N'),
(313, 133, '', '', 0, 963, '2022-12-02', 'N'),
(314, 134, '', '', 0, 384, '2022-12-03', 'N'),
(315, 112, '', '', 0, 2000, '2022-12-05', 'Y'),
(316, 81, '', '', 0, 2345, '2022-12-05', 'N'),
(317, 135, '', '', 0, 4117, '2022-12-05', 'N'),
(318, 88, '', '', 0, 2295, '2022-12-05', 'N'),
(319, 136, '', '', 0, 1822, '2022-12-05', 'N'),
(320, 137, '', '', 0, 5120, '2022-12-05', 'N'),
(321, 138, '', '', 0, 3134, '2022-12-05', 'N'),
(322, 82, '', '', 0, 874, '2022-12-05', 'N'),
(323, 94, '', '', 0, 7043, '2022-12-05', 'N'),
(324, 83, '', '', 0, 1535, '2022-12-05', 'N'),
(325, 84, '', '', 0, 2392, '2022-12-05', 'N'),
(326, 84, '', '', 0, 510, '2022-12-05', 'N'),
(327, 119, '', '', 0, 1310, '2022-12-05', 'N'),
(328, 39, 'neft', '', 14870, 0, '2022-12-03', 'N'),
(329, 45, 'cash', '', 292, 0, '2022-12-06', 'N'),
(330, 46, 'cash', '', 1000, 0, '2022-12-02', 'N'),
(331, 48, 'cash', '', 1438, 0, '2022-12-02', 'N'),
(332, 49, 'neft', '', 7907, 0, '2022-12-02', 'N'),
(333, 52, 'cheque', '', 24498, 0, '2022-12-06', 'N'),
(334, 53, 'neft', '', 12981, 0, '2022-12-03', 'N'),
(335, 59, 'neft', '', 503, 0, '2022-12-03', 'N'),
(336, 61, 'cash', '', 2672, 0, '2022-12-03', 'N'),
(337, 84, 'cheque', '', 1919, 0, '2022-12-05', 'N'),
(338, 84, 'cheque', '', 659, 0, '2022-12-05', 'N'),
(339, 51, 'cash', '', 682, 0, '2022-12-02', 'N'),
(340, 42, 'cash', '', 1735, 0, '2022-12-02', 'N'),
(341, 90, 'cheque', '', 0, 5210, '2022-12-06', 'N'),
(342, 52, 'cheque', '', 16293, 0, '2022-12-06', 'N'),
(343, 107, 'cash', '', 576, 0, '2022-12-03', 'N'),
(344, 66, 'neft', '', 539, 0, '2022-12-02', 'N'),
(345, 66, 'neft', '', 1661, 0, '2022-12-02', 'N'),
(346, 108, 'cash', '', 403, 0, '2022-12-03', 'N'),
(347, 55, 'cheque', '', 860, 0, '2022-12-03', 'N'),
(348, 56, 'cash', '', 1264, 0, '2022-12-03', 'N'),
(349, 57, 'cash', '', 719, 0, '2022-12-03', 'N'),
(350, 60, 'neft', '', 7357, 0, '2022-12-02', 'N'),
(351, 63, 'cash', '0', 723, 0, '2022-12-03', 'N'),
(352, 106, 'cash', '', 710, 0, '2022-12-03', 'N'),
(353, 82, 'cash', '', 1177, 0, '2022-12-05', 'N'),
(354, 83, 'cash', '', 1661, 0, '2022-12-05', 'N'),
(355, 84, 'cheque', '', 2820, 0, '2022-12-05', 'N'),
(356, 87, 'cash', '', 1104, 0, '2022-12-05', 'N'),
(357, 81, 'neft', '', 3078, 0, '2022-12-03', 'N'),
(358, 117, 'neft', '', 490, 0, '2022-12-06', 'N'),
(359, 118, 'cash', '', 465, 0, '2022-12-05', 'N'),
(360, 2, 'neft', '', 5747, 0, '2022-12-05', 'N'),
(361, 119, 'cash', '', 3365, 0, '2022-12-05', 'N'),
(362, 133, 'cash', '', 963, 0, '2022-12-06', 'N'),
(363, 42, 'cash', '', 1801, 0, '2022-12-06', 'N'),
(364, 125, 'cash', '', 2194, 0, '2022-12-06', 'N'),
(365, 44, 'cash', '', 362, 0, '2022-12-06', 'N'),
(366, 112, 'neft', '', 857, 0, '2022-12-05', 'Y'),
(367, 46, 'cash', '', 1000, 0, '2022-12-06', 'N'),
(368, 51, 'cash', '', 380, 0, '2022-12-06', 'N'),
(369, 48, 'cash', '', 1000, 0, '2022-12-05', 'N'),
(370, 112, 'CASH', '', 1170, 0, '2022-12-05', 'Y'),
(371, 139, '', '', 0, 2000, '2022-12-05', 'N'),
(372, 42, '', '', 0, 1801, '2022-12-06', 'N'),
(373, 124, '', '', 0, 1787, '2022-12-06', 'N'),
(374, 44, '', '', 0, 192, '2022-12-06', 'N'),
(375, 140, '', '', 0, 1589, '2022-12-06', 'N'),
(376, 51, '', '', 0, 1812, '2022-12-06', 'N'),
(377, 52, '', '', 0, 21711, '2022-12-06', 'N'),
(378, 91, '', '', 0, 2127, '2022-12-06', 'N'),
(379, 48, '', '', 0, 846, '2022-12-06', 'N'),
(380, 105, 'cheque', '', 3000, 0, '2022-12-07', 'N'),
(381, 31, 'cash', '', 600, 0, '2022-12-07', 'N'),
(382, 50, 'neft', '', 3758, 0, '2022-12-07', 'N'),
(383, 63, 'cash', '', 384, 0, '2022-12-07', 'N'),
(384, 128, 'cash', '', 633, 0, '2022-12-07', 'N'),
(385, 55, 'cash', '', 1244, 0, '2022-12-07', 'N'),
(386, 129, 'cash', '', 2085, 0, '2022-12-07', 'N'),
(387, 57, 'cash', '', 490, 0, '2022-12-07', 'N'),
(388, 58, 'cash', '', 192, 0, '2022-12-07', 'N'),
(389, 65, 'cash', '', 1000, 0, '2022-12-07', 'N'),
(390, 132, 'cash', '', 1344, 0, '2022-12-07', 'N'),
(391, 141, '', '', 0, 729, '2022-12-02', 'N'),
(392, 95, '', '', 0, 600, '2022-12-02', 'N'),
(393, 95, '', '', 0, 715, '2022-12-02', 'N'),
(394, 95, '', '', 0, 4686, '2022-12-02', 'N'),
(395, 10, '', '', 0, 2510, '2022-12-02', 'N'),
(396, 20, '', '', 0, 5306, '2022-12-02', 'N'),
(397, 19, '', '', 0, 905, '2022-12-02', 'N'),
(398, 14, '', '', 0, 1050, '2022-12-02', 'N'),
(399, 15, '', '', 0, 3277, '2022-12-02', 'N'),
(400, 16, '', '', 0, 1368, '2022-12-02', 'N'),
(401, 22, '', '', 0, 1367, '2022-12-02', 'N'),
(402, 142, '', '', 0, 14420, '2022-12-02', 'N'),
(403, 94, '', '', 0, 6715, '2022-12-02', 'N'),
(404, 17, '', '', 0, 8033, '2022-12-02', 'N'),
(405, 23, '', '', 0, 13932, '2022-12-02', 'N'),
(406, 45, '', '', 0, 1844, '2022-12-02', 'N'),
(407, 143, '', '', 0, 2339, '2022-12-03', 'N'),
(408, 34, '', '', 0, 2144, '2022-12-03', 'N'),
(409, 36, '', '', 0, 1196, '2022-12-03', 'N'),
(410, 29, '', '', 0, 4944, '2022-12-03', 'N'),
(411, 30, '', '', 0, 1900, '2022-12-03', 'N'),
(412, 98, '', '', 0, 1519, '2022-12-03', 'N'),
(413, 99, '', '', 0, 4293, '2022-12-03', 'N'),
(414, 37, '', '', 0, 1938, '2022-12-03', 'N'),
(415, 35, '', '', 0, 3631, '2022-12-03', 'N'),
(416, 144, '', '', 0, 2528, '2022-12-03', 'N'),
(417, 24, '', '', 0, 1158, '2022-12-03', 'N'),
(418, 33, '', '', 0, 384, '2022-12-03', 'N'),
(419, 145, '', '', 0, 11913, '2022-12-03', 'N'),
(420, 28, '', '', 0, 3274, '2022-12-03', 'N'),
(421, 38, '', '', 0, 4482, '2022-12-03', 'N'),
(422, 146, '', '', 0, 13265, '2022-12-03', 'N'),
(423, 26, '', '', 0, 2641, '2022-12-03', 'N'),
(424, 27, '', '', 0, 1989, '2022-12-03', 'N'),
(425, 26, 'cash', '', 3826, 0, '2022-12-03', 'N'),
(426, 98, 'cash', '', 2042, 0, '2022-12-03', 'N'),
(427, 32, 'cash', '', 814, 0, '2022-12-03', 'N'),
(428, 35, '', '', 886, 0, '2022-12-03', 'N'),
(429, 33, 'cash', '', 934, 0, '2022-12-03', 'N'),
(430, 34, 'cash', '', 1905, 0, '2022-12-03', 'N'),
(431, 100, 'cheque', '', 2260, 0, '2022-12-03', 'N'),
(432, 38, 'cash', '', 2228, 0, '2022-12-03', 'N'),
(433, 37, 'cash', '', 1661, 0, '2022-12-03', 'N'),
(434, 101, 'cheque', '', 2064, 0, '2022-12-03', 'N'),
(435, 24, 'cash', '', 3608, 0, '2022-12-03', 'N'),
(436, 36, 'cash', '', 639, 0, '2022-12-03', 'N'),
(437, 115, 'cash', '', 3415, 0, '2022-12-03', 'N'),
(438, 141, 'neft', '', 729, 0, '2022-12-03', 'N'),
(439, 30, 'cash', '', 600, 0, '2022-12-03', 'N'),
(440, 30, 'cash', '', 1158, 0, '2022-12-03', 'N'),
(441, 97, 'cash', '', 1000, 0, '2022-12-03', 'N'),
(442, 76, '', '', 0, 2251, '2022-12-05', 'N'),
(443, 96, '', '', 0, 1894, '2022-12-05', 'N'),
(444, 96, '', '', 0, 527, '2022-12-05', 'N'),
(445, 147, '', '', 0, 1688, '2022-12-05', 'N'),
(446, 148, '', '', 0, 878, '2022-12-05', 'N'),
(447, 77, '', '', 0, 1286, '2022-12-05', 'N'),
(448, 149, '', '', 0, 904, '2022-12-05', 'N'),
(449, 79, '', '', 0, 5834, '2022-12-05', 'N'),
(450, 80, '', '', 0, 902, '2022-12-05', 'N'),
(451, 67, '', '', 0, 1904, '2022-12-05', 'N'),
(452, 69, '', '', 0, 3764, '2022-12-05', 'N'),
(453, 70, '', '', 0, 5852, '2022-12-05', 'N'),
(454, 150, '', '', 0, 1392, '2022-12-05', 'N'),
(455, 71, '', '', 0, 2093, '2022-12-05', 'N'),
(456, 151, '', '', 0, 960, '2022-12-05', 'N'),
(457, 72, '', '', 0, 2492, '2022-12-05', 'N'),
(458, 74, '', '', 0, 783, '2022-12-05', 'N'),
(459, 111, '', '', 0, 490, '2022-12-05', 'N'),
(460, 110, '', '', 0, 2457, '2022-12-05', 'N'),
(461, 75, '', '', 0, 2814, '2022-12-05', 'N'),
(462, 22, '', '', 0, 787, '2022-12-06', 'N'),
(463, 152, '', '', 0, 1130, '2022-12-06', 'N'),
(464, 153, '', '', 0, 4408, '2022-12-06', 'N'),
(465, 96, '', '', 0, 1384, '2022-12-06', 'N'),
(466, 154, '', '', 0, 1173, '2022-12-06', 'N'),
(467, 143, '', '', 0, 2851, '2022-12-06', 'N'),
(468, 95, '', '', 0, 1218, '2022-12-06', 'N'),
(469, 155, '', '', 0, 6635, '2022-12-06', 'N'),
(470, 157, '', '', 0, 11786, '2022-12-06', 'N'),
(471, 15, '', '', 0, 3085, '2022-12-06', 'N'),
(472, 10, '', '', 0, 2633, '2022-12-06', 'N'),
(473, 16, '', '', 0, 2707, '2022-12-06', 'N'),
(474, 18, '', '', 0, 806, '2022-12-06', 'N'),
(475, 21, '', '', 0, 5463, '2022-12-06', 'N'),
(476, 20, '', '', 0, 1063, '2022-12-06', 'N'),
(477, 156, '', '', 0, 3640, '2022-12-06', 'N'),
(478, 159, '', '', 0, 20003, '2022-12-05', 'N'),
(479, 158, '', '', 0, 7623, '2022-12-06', 'N'),
(480, 12, '', '', 1850, 0, '2022-12-05', 'N'),
(481, 94, 'cheque', '', 15535, 0, '2022-12-05', 'N'),
(482, 31, 'neft', '', 1728, 0, '2022-12-06', 'N'),
(483, 67, 'cash', '', 4486, 0, '2022-12-05', 'N'),
(484, 69, '', '', 1915, 0, '2022-12-05', 'N'),
(485, 70, '', '', 6180, 0, '2022-12-06', 'N'),
(486, 71, 'cash', '', 2636, 0, '2022-12-05', 'N'),
(487, 76, '', '', 767, 0, '2022-12-05', 'N'),
(488, 80, 'cash', '', 4725, 0, '2022-12-05', 'N'),
(489, 111, 'cash', '', 2263, 0, '2022-12-05', 'N'),
(491, 110, 'cash', '', 908, 0, '2022-12-06', 'N'),
(492, 79, 'cash', '', 1552, 0, '2022-12-05', 'N'),
(493, 109, 'cash', '', 2064, 0, '2022-12-05', 'N'),
(494, 113, 'cash', '', 5000, 0, '2022-12-05', 'N'),
(495, 95, 'cash', '', 6001, 0, '2022-12-06', 'N'),
(496, 10, 'cash', '', 2510, 0, '2022-12-06', 'N'),
(497, 20, 'cash', '', 5306, 0, '2022-12-06', 'N'),
(498, 19, 'cash', '', 905, 0, '2022-12-06', 'N'),
(499, 15, 'cash', '', 3277, 0, '2022-12-06', 'N'),
(500, 16, 'cash', '', 1368, 0, '2022-12-06', 'N'),
(501, 22, 'cash', '', 1367, 0, '2022-12-06', 'N'),
(502, 29, 'neft', '', 4944, 0, '2022-12-05', 'N'),
(503, 99, 'neft', '', 4293, 0, '2022-12-05', 'N'),
(504, 35, 'neft', '', 3631, 0, '2022-12-06', 'N'),
(505, 160, '', '', 0, 728, '2022-12-06', 'N'),
(506, 35, '', '', 0, 1092, '2022-12-06', 'N'),
(507, 47, '', '', 0, 27723, '2022-12-07', 'N'),
(508, 134, '', '', 0, 3847, '2022-12-07', 'N'),
(509, 53, '', '', 0, 766, '2022-12-07', 'N'),
(510, 128, '', '', 0, 1244, '2022-12-07', 'N'),
(511, 55, '', '', 0, 2464, '2022-12-07', 'N'),
(512, 56, '', '', 0, 6735, '2022-12-07', 'N'),
(513, 58, '', '', 0, 1029, '2022-12-07', 'N'),
(514, 60, '', '', 0, 9542, '2022-12-07', 'N'),
(515, 161, '', '', 0, 288, '2022-12-07', 'N'),
(516, 57, '', '', 0, 692, '2022-12-07', 'N'),
(517, 62, '', '', 0, 1053, '2022-12-07', 'N'),
(518, 63, '', '', 0, 809, '2022-12-07', 'N'),
(519, 64, '', '', 0, 5460, '2022-12-07', 'N'),
(520, 106, '', '', 0, 1800, '2022-12-07', 'N'),
(521, 105, '', '', 0, 5434, '2022-12-07', 'N'),
(522, 116, '', '', 0, 1030, '2022-12-08', 'N'),
(523, 84, '', '', 0, 2920, '2022-12-08', 'N'),
(524, 85, '', '', 0, 1965, '2022-12-08', 'N'),
(525, 81, '', '', 0, 6086, '2022-12-08', 'N'),
(526, 2, '', '', 0, 5109, '2022-12-07', 'N'),
(527, 65, '', '', 0, 270, '2022-12-08', 'N'),
(528, 162, '', '', 0, 1034, '2022-12-08', 'N'),
(529, 69, '', '', 0, 8074, '2022-12-08', 'N'),
(530, 119, '', '', 0, 3363, '2022-12-08', 'N'),
(531, 86, '', '', 0, 18016, '2022-12-08', 'N'),
(532, 163, '', '', 0, 5785, '2022-12-07', 'N'),
(533, 50, '', '', 0, 2500, '2022-12-09', 'N'),
(534, 164, '', '', 0, 861, '2022-12-09', 'N'),
(535, 49, '', '', 0, 9430, '2022-12-09', 'N'),
(536, 42, '', '', 0, 2225, '2022-12-09', 'N'),
(537, 91, '', '', 0, 1840, '2022-12-09', 'N'),
(538, 40, '', '', 0, 3948, '2022-12-09', 'N'),
(539, 48, '', '', 0, 1751, '2022-12-09', 'N'),
(540, 46, '', '', 0, 2266, '2022-12-09', 'N'),
(541, 39, '', '', 0, 10784, '2022-12-09', 'N'),
(542, 39, '', '', 0, 1021, '2022-12-09', 'N'),
(543, 85, '', '', 0, 1924, '2022-12-09', 'N'),
(544, 55, '', '', 0, 2464, '2022-12-07', 'N'),
(545, 47, '', '', 0, 19752, '2022-12-10', 'N'),
(546, 47, '', '', 0, 2877, '2022-12-10', 'N'),
(547, 47, '', '', 0, 1603, '2022-12-10', 'N'),
(548, 53, '', '', 0, 2611, '2022-12-10', 'N'),
(549, 58, '', '', 0, 2134, '2022-12-10', 'N'),
(550, 61, '', '', 0, 2536, '2022-12-10', 'N'),
(551, 55, '', '', 0, 1404, '2022-12-10', 'N'),
(552, 57, '', '', 0, 606, '2022-12-10', 'N'),
(553, 60, '', '', 0, 3261, '2022-12-10', 'N'),
(554, 63, '', '', 0, 723, '2022-12-10', 'N'),
(555, 65, '', '', 0, 731, '2022-12-10', 'N'),
(556, 66, '', '', 0, 3779, '2022-12-10', 'N'),
(557, 84, '', '', 0, 1627, '2022-12-12', 'N'),
(558, 83, '', '', 0, 1535, '2022-12-12', 'N'),
(559, 81, '', '', 0, 1568, '2022-12-12', 'N'),
(560, 87, '', '', 0, 731, '2022-12-12', 'N'),
(561, 119, '', '', 0, 2064, '2022-12-12', 'N'),
(562, 136, '', '', 0, 1025, '2022-12-12', 'N'),
(563, 116, '', '', 0, 767, '2022-12-12', 'N'),
(564, 138, '', '', 0, 3767, '2022-12-12', 'N'),
(565, 89, '', '', 0, 7353, '2022-12-12', 'N'),
(566, 163, '', '', 0, 980, '2022-12-13', 'N'),
(567, 42, '', '', 0, 2524, '2022-12-13', 'N'),
(568, 124, '', '', 0, 1919, '2022-12-13', 'N'),
(569, 44, '', '', 0, 362, '2022-12-13', 'N'),
(571, 92, '', '', 0, 403, '2022-12-13', 'N'),
(572, 140, '', '', 0, 1423, '2022-12-13', 'N'),
(573, 91, '', '', 0, 1828, '2022-12-13', 'N'),
(574, 51, '', '', 0, 380, '2022-12-13', 'N'),
(575, 52, '', '', 0, 4717, '2022-12-13', 'N'),
(576, 90, '', '', 0, 4147, '2022-12-13', 'N'),
(577, 48, '', '', 0, 362, '2022-12-13', 'N'),
(578, 170, '', '', 0, 1701, '2022-12-10', 'N'),
(579, 168, '', '', 0, 2356, '2022-12-12', 'N'),
(580, 165, '', '', 0, 26019, '2022-12-13', 'N'),
(581, 166, '', '', 0, 490, '2022-12-13', 'N'),
(582, 167, '', '', 0, 2506, '2022-12-13', 'N'),
(583, 126, '', '', 0, 26053, '2022-12-10', 'N'),
(584, 86, 'CHEQUE', '', 7311, 0, '2022-12-07', 'N'),
(585, 90, 'CHEQUE', '', 5210, 0, '2022-12-06', 'N'),
(586, 47, 'CHEQUE', '', 28010, 0, '2022-12-07', 'N'),
(587, 106, 'CASH', '', 710, 0, '2022-12-07', 'N'),
(588, 69, 'cheque', '', 13903, 0, '2022-12-07', 'N'),
(589, 47, 'cheque', '', 17530, 0, '2022-12-07', 'N'),
(590, 69, 'cheque', '', 1011, 0, '2022-12-07', 'N'),
(591, 134, '', '', 9648, 0, '2022-12-06', 'N'),
(592, 126, 'cheque', '', 38125, 0, '2022-12-08', 'N'),
(593, 40, 'cash', '', 3220, 0, '2022-12-09', 'N'),
(594, 43, 'cash', '', 2314, 0, '2022-12-09', 'N'),
(595, 45, 'neft', '', 2734, 0, '2022-12-12', 'N'),
(596, 46, 'cash', '', 1765, 0, '2022-12-09', 'N'),
(597, 48, 'cash', '', 1816, 0, '2022-12-09', 'N'),
(598, 49, 'neft', '', 13488, 0, '2022-12-09', 'N'),
(599, 53, 'neft', '', 18854, 0, '2022-12-09', 'N'),
(600, 61, 'cash', '', 2954, 0, '2022-12-10', 'N'),
(601, 60, 'neft', '', 6194, 0, '2022-12-08', 'N'),
(602, 130, 'cheque', '', 2752, 0, '2022-12-10', 'N'),
(603, 131, 'neft', '', 3471, 0, '2022-12-10', 'N'),
(604, 65, 'cash', '', 1481, 0, '2022-12-12', 'N'),
(605, 139, 'cash', '', 2000, 0, '2022-12-08', 'N'),
(606, 81, 'neft', '', 2345, 0, '2022-12-08', 'N'),
(607, 135, 'cash', '', 4117, 0, '2022-12-05', 'N'),
(608, 88, 'cash', '', 2295, 0, '2022-12-08', 'N'),
(609, 136, 'neft', '', 1822, 0, '2022-12-12', 'N'),
(610, 137, 'cash', '', 5120, 0, '2022-12-12', 'N'),
(611, 116, 'cash', '', 874, 0, '2022-12-08', 'N'),
(612, 168, 'cheque', '', 7043, 0, '2022-12-08', 'N'),
(613, 83, 'neft', '', 1535, 0, '2022-12-12', 'N'),
(614, 119, 'cash', '', 1310, 0, '2022-12-08', 'N'),
(615, 42, 'cash', '', 1801, 0, '2022-12-09', 'N'),
(616, 124, 'neft', '', 1787, 0, '2022-12-09', 'N'),
(617, 44, 'cash', '', 192, 0, '2022-12-09', 'N'),
(618, 140, 'cash', '', 1589, 0, '2022-12-13', 'N'),
(619, 51, 'cash', '', 1812, 0, '2022-12-09', 'N'),
(620, 52, 'cheque', '', 21711, 0, '2022-12-13', 'N'),
(621, 48, 'cash', '', 846, 0, '2022-12-09', 'N'),
(622, 47, 'cheque', '', 27723, 0, '2022-12-14', 'N'),
(623, 134, 'neft', '', 3847, 0, '2022-12-12', 'N'),
(624, 53, 'neft', '', 766, 0, '2022-12-09', 'N'),
(625, 128, 'cash', '', 1244, 0, '2022-12-14', 'N'),
(626, 55, 'cash', '', 2464, 0, '2022-12-10', 'N'),
(627, 56, 'cash', '', 6735, 0, '2022-12-10', 'N'),
(628, 58, 'cash', '', 1029, 0, '2022-12-10', 'N'),
(629, 60, 'neft', '', 9542, 0, '2022-12-09', 'N'),
(630, 161, 'cash', '', 288, 0, '2022-12-14', 'N'),
(631, 57, 'cash', '', 692, 0, '2022-12-10', 'N'),
(632, 62, 'cash', '', 1053, 0, '2022-12-10', 'N'),
(633, 63, 'cash', '', 809, 0, '2022-12-10', 'N'),
(634, 64, 'cash', '', 5460, 0, '2022-12-10', 'N'),
(635, 106, 'cash', '', 1800, 0, '2022-12-14', 'N'),
(636, 105, 'neft', '', 5434, 0, '2022-12-14', 'N'),
(637, 116, 'cash', '', 1030, 0, '2022-12-12', 'N'),
(638, 85, 'neft', '', 1965, 0, '2022-12-08', 'N'),
(639, 81, 'neft', '', 6086, 0, '2022-12-12', 'N'),
(640, 2, 'cash', '', 5109, 0, '2022-12-12', 'N'),
(641, 65, 'cash', '', 270, 0, '2022-12-12', 'N'),
(642, 162, 'cash', '', 1034, 0, '2022-12-12', 'N'),
(643, 119, 'cheque', '', 3363, 0, '2022-12-12', 'N'),
(644, 164, 'cash', '', 861, 0, '2022-12-13', 'N'),
(645, 42, 'cash', '', 2225, 0, '2022-12-13', 'N'),
(646, 46, 'cash', '', 1000, 0, '2022-12-13', 'N'),
(647, 85, 'cash', '', 1924, 0, '2022-12-13', 'N'),
(648, 55, 'cash', '', 2464, 0, '2022-12-14', 'N'),
(649, 47, 'cash', '', 21355, 0, '2022-12-10', 'N'),
(650, 58, 'cash', '', 2134, 0, '2022-12-14', 'N'),
(651, 170, 'cash', '', 1701, 0, '2022-12-14', 'N'),
(652, 55, 'cash', '', 1404, 0, '2022-12-14', 'N'),
(653, 57, 'cash', '', 606, 0, '2022-12-14', 'N'),
(654, 63, 'cash', '', 723, 0, '2022-12-14', 'N'),
(655, 65, 'cash', '', 731, 0, '2022-12-14', 'N'),
(656, 66, 'neft', '', 3779, 0, '2022-12-13', 'N'),
(657, 151, '', '', 0, 728, '2022-12-06', 'N'),
(658, 16, '', '', 0, 9100, '2022-12-06', 'N'),
(659, 94, '', '', 0, 2933, '2022-12-06', 'N'),
(660, 94, '', '', 0, 17246, '2022-12-06', 'N'),
(661, 19, '', '', 0, 1820, '2022-12-07', 'N'),
(662, 28, '', '', 0, 1063, '2022-12-07', 'N'),
(663, 25, '', '', 0, 1011, '2022-12-07', 'N'),
(664, 30, '', '', 0, 2377, '2022-12-07', 'N'),
(665, 102, '', '', 0, 8953, '2022-12-07', 'N'),
(666, 125, '', '', 0, 2361, '2022-12-07', 'N'),
(667, 26, '', '', 0, 2641, '2022-12-07', 'N'),
(668, 24, '', '', 0, 2693, '2022-12-07', 'N'),
(669, 27, '', '', 0, 2330, '2022-12-07', 'N'),
(670, 171, '', '', 0, 15447, '2022-12-07', 'N'),
(671, 172, '', '', 0, 11936, '2022-12-07', 'N'),
(672, 98, '', '', 0, 1472, '2022-12-07', 'N'),
(673, 99, '', '', 0, 2762, '2022-12-07', 'N'),
(674, 173, '', '', 0, 893, '2022-12-07', 'N'),
(675, 33, '', '', 0, 531, '2022-12-07', 'N'),
(676, 144, '', '', 0, 4613, '2022-12-07', 'N'),
(677, 34, '', '', 0, 1535, '2022-12-07', 'N'),
(678, 37, '', '', 0, 3316, '2022-12-07', 'N'),
(679, 101, '', '', 0, 3474, '2022-12-07', 'N'),
(680, 38, '', '', 0, 4026, '2022-12-07', 'N'),
(681, 103, '', '', 0, 18270, '2022-12-07', 'N'),
(682, 174, '', '', 0, 965, '2022-12-07', 'N'),
(683, 36, '', '', 0, 1389, '2022-12-07', 'N'),
(684, 35, '', '', 0, 3048, '2022-12-07', 'N'),
(685, 175, '', '', 0, 1370, '2022-12-08', 'N'),
(686, 77, '', '', 0, 1387, '2022-12-08', 'N'),
(687, 74, '', 'VIJITH', 0, 985, '2022-12-08', 'N'),
(688, 72, '', 'VIJITH', 0, 1714, '2022-12-08', 'N'),
(689, 111, '', 'VIJITH', 0, 2895, '2022-12-08', 'N'),
(690, 110, '', 'VIJITH', 0, 3387, '2022-12-08', 'N'),
(691, 76, '', 'VIJITH', 0, 1771, '2022-12-08', 'N'),
(692, 75, '', 'VIJITH', 0, 1185, '2022-12-08', 'N'),
(693, 78, '', 'VIJITH', 0, 377, '2022-12-08', 'N'),
(694, 113, '', 'VIJITH', 0, 7192, '2022-12-08', 'N'),
(695, 67, '', 'VIJITH', 0, 728, '2022-12-08', 'N'),
(696, 67, '', 'VIJITH', 0, 2735, '2022-12-08', 'N'),
(697, 68, '', 'VIJITH', 0, 6970, '2022-12-08', 'N'),
(698, 70, '', 'VIJITH', 0, 3177, '2022-12-08', 'N'),
(699, 69, '', 'VIJITH', 0, 3300, '2022-12-08', 'N'),
(700, 80, '', 'VIJITH', 0, 2242, '2022-12-08', 'N'),
(701, 79, '', 'VIJITH', 0, 3440, '2022-12-08', 'N'),
(702, 176, '', 'VIJITH', 0, 11169, '2022-12-08', 'N'),
(703, 177, '', 'VIJITH', 0, 15936, '2022-12-09', 'N'),
(704, 102, '', 'VIJITH', 0, 10180, '2022-12-09', 'N'),
(705, 102, '', 'VIJITH', 0, 300, '2022-12-09', 'N'),
(706, 154, '', 'VIJITH', 0, 1475, '2022-12-09', 'N'),
(707, 141, '', 'VIJITH', 0, 2452, '2022-12-09', 'N'),
(708, 141, '', 'VIJITH', 0, 47, '2022-12-09', 'N'),
(709, 113, '', 'VIJITH', 0, 192, '2022-12-09', 'N'),
(710, 15, '', 'VIJITH', 0, 3558, '2022-12-09', 'N'),
(711, 12, '', 'VIJITH', 0, 6722, '2022-12-09', 'N'),
(712, 14, '', 'VIJITH', 0, 1151, '2022-12-09', 'N'),
(713, 178, '', 'VIJITH', 0, 3326, '2022-12-09', 'N'),
(714, 143, '', 'VIJITH', 0, 1570, '2022-12-09', 'N'),
(715, 13, '', 'VIJITH', 0, 2514, '2022-12-09', 'N'),
(716, 16, '', 'VIJITH', 0, 2009, '2022-12-09', 'N'),
(717, 94, '', 'VIJITH', 0, 2069, '2022-12-09', 'N'),
(718, 17, '', 'VIJITH', 0, 14066, '2022-12-09', 'N'),
(719, 20, '', 'VIJITH', 0, 1275, '2022-12-09', 'N'),
(720, 21, '', 'VIJITH', 0, 2587, '2022-12-09', 'N'),
(721, 142, '', 'VIJITH', 0, 30813, '2022-12-09', 'N'),
(722, 27, '', '', 0, 3058, '2022-12-10', 'N'),
(723, 179, '', '', 0, 3013, '2022-12-10', 'N'),
(724, 25, '', '', 0, 1471, '2022-12-10', 'N'),
(725, 97, '', '', 0, 1541, '2022-12-10', 'N'),
(726, 24, '', '', 0, 2742, '2022-12-10', 'N'),
(727, 32, '', '', 0, 1225, '2022-12-10', 'N'),
(728, 33, '', '', 0, 384, '2022-12-10', 'N'),
(729, 28, '', '', 0, 1420, '2022-12-10', 'N'),
(730, 30, '', '', 0, 2069, '2022-12-10', 'N'),
(731, 30, '', '', 0, 500, '2022-12-10', 'N'),
(732, 98, '', '', 0, 1390, '2022-12-10', 'N'),
(733, 47, '', '', 0, 30250, '2022-12-14', 'N'),
(734, 54, '', '', 0, 714, '2022-12-14', 'N'),
(735, 163, '', '', 0, 3320, '2022-12-14', 'N'),
(736, 57, '', '', 0, 686, '2022-12-14', 'N'),
(737, 105, '', '', 0, 3562, '2022-12-14', 'N'),
(738, 106, '', '', 0, 1800, '2022-12-14', 'N'),
(739, 65, '', '', 0, 539, '2022-12-14', 'N'),
(740, 56, '', '', 0, 2427, '2022-12-14', 'N'),
(741, 180, '', '', 0, 4049, '2022-12-14', 'N'),
(742, 60, '', '', 0, 5128, '2022-12-14', 'N'),
(743, 161, '', '', 0, 375, '2022-12-14', 'N'),
(744, 131, '', '', 0, 3290, '2022-12-14', 'N'),
(745, 127, '', '', 0, 11100, '2022-12-14', 'N'),
(746, 135, '', '', 0, 2147, '2022-12-15', 'N'),
(747, 119, '', '', 0, 1533, '2022-12-15', 'N'),
(748, 85, '', '', 0, 861, '2022-12-15', 'N'),
(749, 181, '', '', 0, 2042, '2022-12-15', 'N'),
(750, 84, '', '', 0, 1994, '2022-12-15', 'N'),
(751, 116, '', '', 0, 576, '2022-12-15', 'N'),
(752, 83, '', '', 0, 1862, '2022-12-15', 'N'),
(753, 87, '', '', 0, 2492, '2022-12-15', 'N'),
(754, 81, '', '', 0, 1186, '2022-12-15', 'N'),
(756, 69, 'CHEQUE', '', 8074, 0, '2022-12-15', 'N'),
(757, 86, '', '', 18016, 0, '2022-12-15', 'N'),
(758, 50, 'CASH', '', 2500, 0, '2022-12-15', 'N'),
(759, 48, 'NEFT', '', 1751, 0, '2022-12-09', 'N'),
(760, 126, 'CHEQUE', '', 26053, 0, '2022-12-15', 'N'),
(761, 83, 'CASH', '', 1535, 0, '2022-12-15', 'N'),
(762, 81, 'CASH', '', 1568, 0, '2022-12-15', 'N'),
(763, 87, 'CASH', '', 731, 0, '2022-12-15', 'N'),
(764, 119, 'CASH', '', 2064, 0, '2022-12-15', 'N'),
(765, 168, 'CHEQUE', '', 2356, 0, '2022-12-15', 'N'),
(766, 116, 'CASH', '', 767, 0, '2022-12-15', 'N'),
(767, 124, 'NEFT', '', 1919, 0, '2022-12-15', 'N'),
(768, 180, 'NEFT', '', 4049, 0, '2022-12-15', 'N'),
(769, 85, 'NEFT', '', 861, 0, '2022-12-15', 'N'),
(770, 124, 'NEFT', '', 767, 0, '2022-12-03', 'N'),
(771, 182, '', '', 0, 1297, '2022-12-10', 'N'),
(772, 99, '', '', 0, 5329, '2022-12-10', 'N'),
(773, 34, '', '', 0, 1560, '2022-12-10', 'N'),
(774, 36, '', '', 0, 1256, '2022-12-10', 'N'),
(775, 35, '', '', 0, 936, '2022-12-10', 'N'),
(776, 37, '', '', 0, 1851, '2022-12-10', 'N'),
(777, 100, '', '', 0, 11138, '2022-12-10', 'N'),
(778, 149, '', '', 0, 1817, '2022-12-12', 'N'),
(779, 164, '', '', 0, 347, '2022-12-12', 'N'),
(780, 103, '', '', 0, 61246, '2022-12-12', 'N'),
(781, 75, '', '', 0, 1566, '2022-12-12', 'N'),
(782, 77, '', '', 0, 1202, '2022-12-12', 'N'),
(783, 78, '', '', 0, 403, '2022-12-12', 'N'),
(784, 67, '', '', 0, 1984, '2022-12-12', 'N'),
(785, 71, '', '', 0, 1222, '2022-12-12', 'N'),
(786, 76, '', '', 0, 1049, '2022-12-12', 'N'),
(787, 72, '', '', 0, 1452, '2022-12-12', 'N'),
(788, 79, '', '', 0, 4765, '2022-12-12', 'N'),
(789, 103, '', '', 0, 61246, '2022-12-12', 'N'),
(790, 159, '', '', 0, 15535, '2022-12-12', 'N'),
(791, 22, '', '', 0, 1465, '2022-12-13', 'N'),
(792, 18, '', '', 0, 4366, '2022-12-13', 'N'),
(793, 154, '', '', 0, 1486, '2022-12-13', 'N'),
(794, 95, '', '', 0, 1120, '2022-12-13', 'N'),
(795, 95, '', '', 0, 1633, '2022-12-13', 'N'),
(796, 15, '', '', 0, 2904, '2022-12-13', 'N'),
(797, 183, '', '', 0, 3796, '2022-12-08', 'N'),
(798, 185, '', '', 0, 8266, '2022-12-08', 'N'),
(799, 186, '', '', 0, 542, '2022-12-08', 'N'),
(800, 187, '', '', 0, 2571, '2022-12-08', 'N'),
(801, 188, '', '', 0, 7627, '2022-12-08', 'N'),
(802, 189, '', '', 0, 4715, '2022-12-08', 'N'),
(803, 185, '', '', 0, 13767, '2022-12-08', 'N'),
(804, 190, '', '', 0, 3866, '2022-12-08', 'N'),
(805, 191, '', '', 0, 4312, '2022-12-08', 'N'),
(806, 192, '', '', 0, 860, '2022-12-08', 'N'),
(807, 193, '', '', 0, 2395, '2022-12-08', 'N'),
(808, 194, '', '', 0, 1520, '2022-12-08', 'N'),
(809, 195, '', '', 0, 1846, '2022-12-08', 'N'),
(810, 196, '', '', 0, 13992, '2022-12-08', 'N'),
(811, 220, '', '', 0, 2632, '2022-12-08', 'N'),
(812, 198, '', '', 0, 1851, '2022-12-10', 'N'),
(813, 199, '', '', 0, 561, '2022-12-10', 'N'),
(814, 200, '', '', 0, 1086, '2022-12-10', 'N'),
(815, 201, '', '', 0, 1060, '2022-12-10', 'N'),
(816, 202, '', '', 0, 1947, '2022-12-10', 'N'),
(817, 203, '', '', 0, 2764, '2022-12-10', 'N'),
(818, 204, '', '', 0, 2777, '2022-12-10', 'N'),
(819, 205, '', '', 0, 445, '2022-12-12', 'N'),
(820, 206, '', '', 0, 1255, '2022-12-12', 'N'),
(821, 207, '', '', 0, 3666, '2022-12-12', 'N'),
(822, 208, '', '', 0, 7498, '2022-12-12', 'N'),
(823, 209, '', '', 0, 5615, '2022-12-12', 'N'),
(824, 210, '', '', 0, 3571, '2022-12-12', 'N'),
(825, 211, '', '', 0, 1255, '2022-12-13', 'N'),
(826, 212, '', '', 0, 714, '2022-12-13', 'N'),
(827, 213, '', '', 0, 3750, '2022-12-13', 'N'),
(828, 214, '', '', 0, 5028, '2022-12-13', 'N'),
(829, 215, '', '', 0, 4076, '2022-12-13', 'N'),
(830, 217, '', '', 0, 3418, '2022-12-13', 'N'),
(831, 218, '', '', 0, 9342, '2022-12-13', 'N'),
(832, 207, '', '', 3666, 0, '2022-12-18', 'N'),
(833, 203, '', '', 2761, 0, '2022-12-18', 'N'),
(834, 202, '', '', 1947, 0, '2022-12-18', 'N'),
(835, 201, '', '', 1060, 0, '2022-12-18', 'N'),
(836, 199, '', '', 561, 0, '2022-12-18', 'N'),
(837, 198, '', '', 111, 0, '2022-12-18', 'N'),
(838, 198, '', '', 1740, 0, '2022-12-18', 'N'),
(839, 220, '', '', 2632, 0, '2022-12-18', 'N'),
(840, 195, '', '', 1846, 0, '2022-12-18', 'N'),
(841, 194, '', '', 1520, 0, '2022-12-18', 'N'),
(842, 192, '', '', 860, 0, '2022-12-18', 'N'),
(843, 190, '', '', 3866, 0, '2022-12-18', 'N'),
(844, 183, '', '', 3796, 0, '2022-12-18', 'N'),
(845, 184, '', '', 5241, 0, '2022-12-18', 'N'),
(846, 219, '', '', 0, 1412, '2022-12-14', 'N'),
(847, 220, '', '', 0, 2068, '2022-12-14', 'N'),
(848, 221, '', '', 0, 2922, '2022-12-14', 'N'),
(849, 221, '', '', 2922, 0, '2022-12-18', 'N'),
(850, 192, '', '', 0, 1159, '2022-12-14', 'N'),
(851, 192, '', '', 1159, 0, '2022-12-18', 'N'),
(852, 222, '', '', 0, 2006, '2022-12-14', 'N'),
(853, 203, '', '', 0, 3496, '2022-12-14', 'N'),
(854, 223, '', '', 0, 101, '2022-12-14', 'N'),
(855, 224, '', '', 0, 6715, '2022-12-14', 'N'),
(856, 223, '', '', 101, 0, '2022-12-18', 'N'),
(857, 225, '', '', 0, 6098, '2022-12-14', 'N'),
(858, 226, '', '', 0, 2201, '2022-12-14', 'N'),
(859, 227, '', '', 0, 8593, '2022-12-14', 'N'),
(860, 186, '', '', 0, 10250, '2022-12-15', 'N'),
(861, 228, 'BAIKAMPADY', 'SANTHOSH', 0, 3646, '2022-12-15', 'N'),
(862, 229, 'BAIKAMPADY', 'SANTHOSH', 0, 3828, '2022-12-15', 'N'),
(863, 229, 'BAIKAMPADY', 'SANTHOSH', 2000, 0, '2022-12-18', 'N'),
(864, 230, '', '', 0, 1000, '2022-12-15', 'N'),
(865, 231, '', '', 0, 2703, '2022-12-15', 'N'),
(866, 257, '', '', 0, 5998, '2022-12-15', 'N'),
(867, 232, '', '', 0, 539, '2022-12-15', 'N'),
(868, 233, '', '', 0, 7508, '2022-12-15', 'N'),
(869, 233, '', '', 7508, 0, '2022-12-18', 'N'),
(870, 234, '', '', 0, 539, '2022-12-15', 'N'),
(871, 258, '', '', 0, 2558, '2022-12-15', 'N'),
(872, 236, '', '', 0, 3090, '2022-12-15', 'N'),
(873, 237, '', '', 0, 3939, '2022-12-15', 'N'),
(874, 238, '', '', 0, 1421, '2022-12-15', 'N'),
(875, 239, 'BAIKAMPADY', 'SANTHOSH', 0, 3753, '2022-12-13', 'N'),
(876, 240, '', '', 0, 1264, '2022-12-15', 'N'),
(877, 189, '', '', 0, 1412, '2022-12-16', 'N'),
(878, 189, '', '', 0, 2176, '2022-12-16', 'N'),
(879, 259, '', '', 0, 977, '2022-12-16', 'N'),
(880, 259, '', '', 0, 6666, '2022-12-16', 'N'),
(881, 213, '', '', 0, 5349, '2022-12-16', 'N'),
(882, 242, '', '', 0, 1041, '2022-12-16', 'N'),
(883, 185, '', '', 0, 525, '2022-12-16', 'N'),
(884, 185, '', '', 0, 24072, '2022-12-16', 'N'),
(885, 243, '', '', 0, 2561, '2022-12-16', 'N'),
(886, 244, '', '', 0, 1620, '2022-12-16', 'N'),
(887, 245, '', '', 0, 4420, '2022-12-16', 'N'),
(888, 190, '', '', 0, 1161, '2022-12-16', 'N'),
(889, 246, '', '', 0, 2300, '2022-12-16', 'N'),
(890, 212, '', '', 0, 3044, '2022-12-16', 'N'),
(891, 247, '', '', 0, 1689, '2022-12-16', 'N'),
(892, 260, '', '', 0, 1698, '2022-12-16', 'N'),
(893, 239, '', '', 0, 5003, '2022-12-16', 'N'),
(894, 248, '', '', 0, 2808, '2022-12-16', 'N'),
(895, 249, '', '', 0, 1138, '2022-12-16', 'N'),
(896, 250, '', '', 0, 1844, '2022-12-16', 'N'),
(897, 251, '', '', 0, 3338, '2022-12-16', 'N'),
(898, 261, '', '', 0, 1431, '2022-12-16', 'N'),
(899, 262, '', '', 0, 767, '2022-12-16', 'N'),
(900, 263, '', '', 0, 4000, '2022-11-26', 'N'),
(901, 263, '', '', 0, 16348, '2022-11-26', 'N'),
(902, 201, '', '', 0, 1475, '2022-12-17', 'N'),
(903, 252, '', '', 0, 2604, '2022-12-17', 'N'),
(904, 193, '', '', 0, 2761, '2022-12-17', 'N'),
(905, 253, '', '', 0, 3505, '2022-12-17', 'N'),
(906, 195, '', '', 0, 5191, '2022-12-17', 'N'),
(907, 192, '', '', 0, 680, '2022-12-17', 'N'),
(908, 196, '', '', 0, 5106, '2022-12-17', 'N'),
(909, 221, '', '', 0, 1513, '2022-12-17', 'N'),
(910, 264, '', '', 0, 1164, '2022-12-17', 'N'),
(911, 198, '', '', 0, 1024, '2022-12-17', 'N'),
(912, 223, '', '', 0, 3195, '2022-12-17', 'N'),
(913, 199, '', '', 0, 579, '2022-12-17', 'N'),
(914, 203, '', '', 0, 1272, '2022-12-17', 'N'),
(915, 256, '', '', 0, 2858, '2022-12-17', 'N'),
(916, 1, '', '', 0, 1000, '2022-11-29', 'N'),
(917, 265, '', '', 0, 1092, '2022-12-05', 'N'),
(918, 266, '', '', 0, 634, '2022-12-10', 'N'),
(919, 269, '', '', 0, 5230, '2022-12-12', 'N'),
(920, 269, '', '', 5230, 0, '2022-12-15', 'N'),
(921, 270, '', '', 0, 1506, '2022-12-12', 'N'),
(922, 270, '', '', 1506, 0, '2022-12-15', 'N'),
(923, 267, '', '', 0, 3216, '2022-12-12', 'N'),
(924, 268, '', '', 0, 3519, '2022-12-12', 'N'),
(925, 271, '', '', 0, 3402, '2022-12-12', 'N'),
(926, 271, 'NEFT', '', 3402, 0, '2022-12-12', 'N'),
(927, 272, '', '', 0, 3514, '2022-12-12', 'N'),
(929, 272, '', '', 3514, 0, '2022-12-15', 'N'),
(930, 273, '', '', 0, 1872, '2022-12-12', 'N'),
(931, 274, '', '', 0, 2917, '2022-12-12', 'N'),
(932, 274, '', '', 0, 802, '2022-12-12', 'N'),
(933, 275, '', '', 0, 1618, '2022-12-12', 'N'),
(934, 275, '', '', 0, 2255, '2022-12-12', 'N'),
(935, 276, '', '', 0, 1000, '2022-12-12', 'N'),
(936, 277, '', '', 0, 1650, '2022-12-12', 'N'),
(937, 278, 'CHQ BOUNCE', '', 0, 11983, '2022-12-12', 'N'),
(938, 278, '', '', 0, 300, '2022-12-12', 'N'),
(939, 278, '', '', 300, 0, '2022-12-16', 'N'),
(940, 278, 'CHQ REPRESENTED', '', 11983, 0, '2022-12-16', 'N'),
(941, 1, '', '', 0, 6486, '2022-12-13', 'N'),
(942, 279, '', '', 0, 780, '2022-12-13', 'N'),
(943, 280, '', '', 0, 647, '2022-12-13', 'N'),
(944, 280, 'NEFT', '', 647, 0, '2022-12-16', 'N'),
(945, 281, '', '', 0, 572, '2022-12-13', 'N'),
(946, 281, '', '', 572, 0, '2022-12-16', 'N'),
(947, 282, '', '', 0, 4910, '2022-12-13', 'N'),
(948, 283, '', '', 0, 1828, '2022-12-13', 'N'),
(949, 284, '', '', 0, 2136, '2022-12-13', 'N'),
(950, 285, '', '', 0, 3061, '2022-12-13', 'N'),
(951, 286, '', '', 0, 701, '2022-12-13', 'N'),
(952, 286, '', '', 0, 24, '2022-12-13', 'N'),
(953, 287, '', '', 0, 804, '2022-12-13', 'N'),
(954, 288, '', '', 0, 829, '2022-12-13', 'N'),
(955, 289, '', '', 0, 2260, '2022-12-13', 'N'),
(956, 283, 'NEFT', '', 1828, 0, '2022-12-16', 'N'),
(957, 284, 'NEFT', '', 2136, 0, '2022-12-16', 'N'),
(958, 288, 'NEFT', '', 829, 0, '2022-12-16', 'N'),
(959, 286, '', '', 725, 0, '2022-12-16', 'N'),
(960, 287, '', '', 804, 0, '2022-12-16', 'N'),
(961, 184, '', '', 0, 2222, '2022-12-19', 'N'),
(962, 184, '', '', 0, 403, '2022-12-19', 'N'),
(963, 208, '', '', 0, 6850, '2022-12-19', 'N'),
(964, 209, '', '', 0, 2514, '2022-12-19', 'N'),
(965, 322, '', '', 0, 3640, '2022-12-19', 'N'),
(966, 233, '', '', 0, 11666, '2022-12-19', 'N'),
(967, 263, '', '', 0, 7000, '2022-12-20', 'N'),
(968, 323, '', '', 0, 1099, '2022-12-19', 'N'),
(969, 208, '', '', 7498, 0, '2022-12-19', 'N'),
(970, 263, '', '', 16348, 0, '2022-12-20', 'N'),
(971, 212, 'CHQ', '', 3044, 0, '2022-12-20', 'N'),
(972, 246, 'CHQ', '', 2300, 0, '2022-12-20', 'N'),
(973, 190, '', '', 1161, 0, '2022-12-20', 'N'),
(974, 245, '', '', 4420, 0, '2022-12-20', 'N'),
(975, 244, '', '', 1620, 0, '2022-12-20', 'N'),
(976, 239, '', '', 3753, 0, '2022-12-20', 'N'),
(977, 229, '', '', 1828, 0, '2022-12-20', 'N'),
(978, 215, '', '', 4076, 0, '2022-12-20', 'N'),
(979, 211, '', '', 1255, 0, '2022-12-20', 'N'),
(980, 212, '', '', 714, 0, '2022-12-20', 'N'),
(981, 210, '', '', 3571, 0, '2022-12-20', 'N'),
(982, 209, '', '', 5615, 0, '2022-12-20', 'N'),
(983, 206, '', '', 1255, 0, '2022-12-20', 'N'),
(984, 205, '', '', 445, 0, '2022-12-20', 'N'),
(985, 200, '', '', 1086, 0, '2022-12-20', 'N'),
(986, 193, '', '', 2395, 0, '2022-12-20', 'N'),
(987, 191, 'NEFT', '', 4312, 0, '2022-12-20', 'N'),
(988, 189, '', '', 4715, 0, '2022-12-20', 'N'),
(989, 188, '', '', 4000, 0, '2022-12-20', 'N'),
(990, 187, '', '', 2571, 0, '2022-12-20', 'N'),
(991, 324, '', '', 0, 13377, '2022-12-15', 'N'),
(992, 265, '', '', 0, 190, '2022-12-14', 'N'),
(993, 290, '', '', 0, 767, '2022-12-14', 'N'),
(994, 291, '', '', 0, 2886, '2022-12-14', 'N'),
(995, 292, '', '', 0, 2085, '2022-12-14', 'N'),
(996, 293, '', '', 0, 5129, '2022-12-14', 'N'),
(997, 294, '', '', 0, 4499, '2022-12-14', 'N'),
(998, 295, '', '', 0, 1706, '2022-12-14', 'N'),
(999, 296, '', '', 0, 1901, '2022-12-14', 'N'),
(1000, 297, '', '', 0, 3541, '2022-12-14', 'N'),
(1001, 298, '', '', 0, 2406, '2022-12-14', 'N'),
(1002, 298, '', '', 0, 1034, '2022-12-14', 'N'),
(1003, 299, '', '', 0, 3323, '2022-12-14', 'N'),
(1004, 300, '', '', 0, 5551, '2022-12-14', 'N'),
(1005, 301, '', '', 0, 4794, '2022-12-14', 'N'),
(1006, 14, '', '', 0, 1172, '2022-12-13', 'N'),
(1007, 19, '', '', 0, 1395, '2022-12-13', 'N'),
(1008, 302, '', '', 0, 2291, '2022-12-14', 'N'),
(1009, 93, '', '', 0, 192, '2022-12-13', 'N'),
(1010, 303, '', '', 0, 540, '2022-12-14', 'N'),
(1011, 304, '', '', 0, 3437, '2022-12-14', 'N'),
(1012, 143, '', '', 0, 1355, '2022-12-13', 'N'),
(1013, 94, '', '', 0, 15788, '2022-12-13', 'N'),
(1014, 20, '', '', 0, 2587, '2022-12-13', 'N'),
(1015, 305, '', '', 0, 20762, '2022-12-15', 'N'),
(1016, 25, '', '', 0, 2095, '2022-12-13', 'N'),
(1017, 306, '', '', 0, 8422, '2022-12-15', 'N'),
(1018, 99, '', '', 0, 1400, '2022-12-14', 'N'),
(1019, 307, '', '', 0, 1552, '2022-12-15', 'N'),
(1020, 99, '', '', 0, 3481, '2022-12-14', 'N'),
(1021, 171, '', '', 0, 5047, '2022-12-14', 'N'),
(1022, 25, '', '', 0, 1271, '2022-12-14', 'N'),
(1023, 29, '', '', 0, 3155, '2022-12-14', 'N'),
(1024, 174, '', '', 0, 983, '2022-12-14', 'N'),
(1025, 26, '', '', 0, 3025, '2022-12-14', 'N'),
(1026, 27, '', '', 0, 4736, '2022-12-14', 'N'),
(1027, 32, '', '', 0, 779, '2022-12-14', 'N'),
(1028, 24, '', '', 0, 10281, '2022-12-14', 'N'),
(1029, 30, '', '', 0, 2574, '2022-12-14', 'N'),
(1030, 98, '', '', 0, 1274, '2022-12-14', 'N'),
(1031, 34, '', '', 0, 2764, '2022-12-14', 'N'),
(1032, 35, '', '', 0, 695, '2022-12-14', 'N'),
(1033, 37, '', '', 0, 1791, '2022-12-14', 'N'),
(1034, 36, '', '', 0, 1316, '2022-12-14', 'N'),
(1035, 101, '', '', 0, 2314, '2022-12-14', 'N'),
(1036, 38, '', '', 0, 5037, '2022-12-14', 'N'),
(1037, 103, '', '', 0, 9079, '2022-12-14', 'N'),
(1038, 110, '', '', 0, 2394, '2022-12-15', 'N'),
(1039, 67, '', '', 0, 364, '2022-12-15', 'N'),
(1040, 67, '', '', 0, 2934, '2022-12-15', 'N'),
(1041, 76, '', '', 0, 1510, '2022-12-15', 'N'),
(1043, 151, '', '', 0, 490, '2022-12-15', 'N'),
(1044, 115, '', '', 0, 2013, '2022-12-15', 'N'),
(1045, 68, '', '', 0, 5955, '2022-12-15', 'N'),
(1046, 69, '', '', 0, 2402, '2022-12-15', 'N'),
(1047, 71, '', '', 0, 2581, '2022-12-15', 'N'),
(1048, 176, '', '', 0, 7871, '2022-12-15', 'N'),
(1049, 75, '', '', 0, 1855, '2022-12-15', 'N'),
(1050, 70, '', '', 0, 5681, '2022-12-15', 'N'),
(1051, 139, '', '', 0, 909, '2022-12-15', 'N'),
(1052, 72, '', '', 0, 980, '2022-12-15', 'N'),
(1053, 96, '', '', 0, 1341, '2022-12-13', 'N'),
(1054, 325, '', '', 0, 1616, '2022-12-14', 'N'),
(1055, 260, '', '', 0, 904, '2022-12-20', 'N'),
(1056, 190, '', '', 0, 3550, '2022-12-20', 'N'),
(1057, 246, '', '', 0, 10905, '2022-12-20', 'N'),
(1058, 202, '', '', 0, 2866, '2022-12-20', 'N'),
(1059, 211, '', '', 0, 678, '2022-12-20', 'N'),
(1060, 210, '', '', 0, 4825, '2022-12-20', 'N'),
(1061, 241, '', '', 0, 2681, '2022-12-20', 'N'),
(1062, 188, '', '', 0, 1001, '2022-12-20', 'N'),
(1063, 189, '', '', 0, 16193, '2022-12-20', 'N'),
(1065, 190, '', '', 0, 764, '2022-12-20', 'N'),
(1066, 212, 'CHQ', '', 0, 3044, '2022-12-21', 'N'),
(1067, 326, '', '', 0, 2394, '2022-12-20', 'N'),
(1068, 305, 'CHQ', '', 20762, 0, '2022-12-20', 'N'),
(1069, 307, '', '', 1552, 0, '2022-12-19', 'N'),
(1070, 272, '', '', 0, 4158, '2022-12-15', 'N'),
(1071, 272, '', '', 4158, 0, '2022-12-19', 'N'),
(1072, 308, '', '', 0, 192, '2022-12-15', 'N'),
(1073, 308, '', '', 0, 6135, '2022-12-15', 'N'),
(1074, 267, '', '', 0, 1778, '2022-12-15', 'N'),
(1075, 267, '', '', 1778, 0, '2022-12-19', 'N'),
(1076, 309, '', '', 0, 5151, '2022-12-15', 'N'),
(1077, 175, '', '', 0, 909, '2022-12-15', 'N'),
(1078, 74, '', '', 0, 531, '2022-12-15', 'N');
INSERT INTO `supply` (`id`, `suppliers_id`, `particulars`, `quantity`, `debit`, `credit`, `date`, `deleted`) VALUES
(1079, 77, '', '', 0, 1204, '2022-12-15', 'N'),
(1080, 80, '', '', 0, 1145, '2022-12-15', 'N'),
(1081, 109, '', '', 0, 2104, '2022-12-15', 'N'),
(1082, 79, '', '', 0, 4209, '2022-12-15', 'N'),
(1083, 113, '', '', 0, 4750, '2022-12-15', 'N'),
(1084, 158, '', '', 0, 3172, '2022-12-15', 'N'),
(1085, 10, '', '', 0, 2834, '2022-12-16', 'N'),
(1086, 45, '', '', 0, 2911, '2022-12-16', 'N'),
(1087, 16, '', '', 0, 1133, '2022-12-16', 'N'),
(1088, 154, '', '', 0, 902, '2022-12-16', 'N'),
(1089, 21, '', '', 0, 576, '2022-12-16', 'N'),
(1090, 141, '', '', 0, 309, '2022-12-16', 'N'),
(1091, 142, '', '', 0, 30279, '2022-12-16', 'N'),
(1092, 14, '', '', 0, 1125, '2022-12-16', 'N'),
(1093, 15, '', '', 0, 3779, '2022-12-16', 'N'),
(1094, 22, '', '', 0, 2414, '2022-12-16', 'N'),
(1095, 20, '', '', 0, 5697, '2022-12-16', 'N'),
(1096, 94, '', '', 0, 3306, '2022-12-16', 'N'),
(1097, 17, '', '', 0, 14909, '2022-12-16', 'N'),
(1098, 37, '', '', 0, 1958, '2022-12-17', 'N'),
(1099, 103, '', '', 0, 16229, '2022-12-17', 'N'),
(1100, 102, '', '', 0, 38653, '2022-12-17', 'N'),
(1101, 171, '', '', 0, 8616, '2022-12-17', 'N'),
(1102, 26, '', '', 0, 3827, '2022-12-17', 'N'),
(1103, 27, '', '', 0, 4202, '2022-12-17', 'N'),
(1104, 33, '', '', 0, 339, '2022-12-17', 'N'),
(1105, 32, '', '', 0, 563, '2022-12-17', 'N'),
(1106, 24, '', '', 0, 1166, '2022-12-17', 'N'),
(1107, 30, '', '', 0, 2077, '2022-12-17', 'N'),
(1108, 28, '', '', 0, 2048, '2022-12-17', 'N'),
(1109, 25, '', '', 0, 989, '2022-12-17', 'N'),
(1110, 98, '', '', 0, 1177, '2022-12-17', 'N'),
(1111, 99, '', '', 0, 4051, '2022-12-17', 'N'),
(1112, 31, '', '', 0, 1605, '2022-12-17', 'N'),
(1113, 34, '', '', 0, 1468, '2022-12-17', 'N'),
(1114, 101, '', '', 0, 2568, '2022-12-17', 'N'),
(1115, 38, '', '', 0, 3834, '2022-12-17', 'N'),
(1116, 35, '', '', 0, 2657, '2022-12-17', 'N'),
(1117, 36, '', '', 0, 1404, '2022-12-17', 'N'),
(1118, 327, '', '', 0, 1270, '2022-12-17', 'N'),
(1119, 123, 'date testing', 'auto date testing', 100, 1000, '2022-12-21', 'N'),
(1120, 328, '', '', 0, 4373, '2022-12-15', 'N'),
(1121, 311, '', '', 0, 6193, '2022-12-15', 'N'),
(1122, 274, '', '', 0, 3226, '2022-12-15', 'N'),
(1123, 274, '', '', 3226, 0, '2022-12-19', 'N'),
(1124, 305, '', '', 0, 5223, '2022-12-16', 'N'),
(1125, 305, 'CHQ', '', 5223, 0, '2022-12-20', 'N'),
(1126, 122, 'ashwith', 'ashu', 0, 150, '2022-12-22', 'N'),
(1127, 76, '', '', 0, 1781, '2022-12-19', 'N'),
(1128, 111, '', '', 0, 1556, '2022-12-19', 'N'),
(1130, 78, '', '', 0, 706, '2022-12-19', 'N'),
(1131, 103, '', '', 0, 12432, '2022-12-19', 'N'),
(1132, 146, '', '', 0, 22349, '2022-12-19', 'N'),
(1133, 151, '', '', 0, 539, '2022-12-19', 'N'),
(1134, 73, '', '', 0, 1305, '2022-12-19', 'N'),
(1135, 73, '', '', 0, 1305, '2022-12-19', 'N'),
(1136, 74, '', '', 0, 384, '2022-12-19', 'N'),
(1137, 149, '', '', 0, 1048, '2022-12-19', 'N'),
(1138, 330, '', '', 0, 1894, '2022-12-05', 'N'),
(1139, 330, '', '', 0, 527, '2022-12-05', 'N'),
(1140, 330, '', '', 0, 1972, '2022-12-19', 'N'),
(1141, 147, '', '', 0, 3302, '2022-12-19', 'N'),
(1142, 77, '', '', 0, 1139, '2022-12-19', 'N'),
(1143, 67, '', '', 0, 901, '2022-12-19', 'N'),
(1144, 69, '', '', 0, 5840, '2022-12-19', 'N'),
(1145, 70, '', '', 0, 4815, '2022-12-19', 'N'),
(1146, 80, '', '', 0, 3020, '2022-12-19', 'N'),
(1147, 72, '', '', 0, 2446, '2022-12-19', 'N'),
(1148, 76, '', '', 0, 979, '2022-12-19', 'N'),
(1149, 75, '', '', 0, 2446, '2022-12-19', 'N'),
(1150, 79, '', '', 0, 1614, '2022-12-19', 'N'),
(1151, 155, '', '', 0, 3118, '2022-12-20', 'N'),
(1152, 96, '', '', 0, 1237, '2022-12-20', 'N'),
(1153, 95, '', '', 0, 3517, '2022-12-20', 'N'),
(1154, 95, '', '', 0, 2783, '2022-12-20', 'N'),
(1155, 15, '', '', 0, 3248, '2022-12-20', 'N'),
(1156, 178, '', '', 0, 2441, '2022-12-20', 'N'),
(1157, 93, '', '', 0, 192, '2022-12-20', 'N'),
(1158, 16, '', '', 0, 2879, '2022-12-20', 'N'),
(1159, 94, '', '', 0, 7462, '2022-12-20', 'N'),
(1160, 18, '', '', 0, 2184, '2022-12-20', 'N'),
(1161, 97, 'cash', '', 455, 0, '2022-12-07', 'N'),
(1162, 102, 'cheque', '', 10180, 0, '2022-12-07', 'N'),
(1163, 176, 'neft', '', 12050, 0, '2022-12-07', 'N'),
(1164, 175, 'cash', '', 1170, 0, '2022-12-05', 'N'),
(1165, 113, 'cash', '', 407, 0, '2022-12-07', 'N'),
(1167, 14, 'cash', '', 1050, 0, '2022-12-07', 'N'),
(1168, 123, 'new', '', 0, 50, '2022-12-30', 'N'),
(1169, 123, 'ricky 1', '', 0, 50, '2022-12-30', 'N'),
(1170, 8, 'ricky', '', 0, 50, '2022-12-30', 'N'),
(1171, 8, 'ricky fix', '', 0, 50, '2022-12-30', 'N'),
(1172, 122, '', '', 0, 50, '2022-12-31', 'N'),
(1173, 123, '', '', 0, 100, '2022-12-31', 'N'),
(1174, 122, '', '', 0, 50, '2023-01-02', 'N');

-- --------------------------------------------------------

--
-- Table structure for table `tblsessions`
--

CREATE TABLE `tblsessions` (
  `id` bigint(20) NOT NULL COMMENT 'Session ID',
  `userid` bigint(20) NOT NULL COMMENT 'User ID',
  `accesstoken` varchar(100) CHARACTER SET utf8 COLLATE utf8_bin NOT NULL COMMENT 'Access Token',
  `accesstokenexpiry` datetime NOT NULL COMMENT 'Access Token Expiry Date/Time'
) ENGINE=InnoDB DEFAULT CHARSET=utf8 COLLATE=utf8_general_ci;

--
-- Dumping data for table `tblsessions`
--

INSERT INTO `tblsessions` (`id`, `userid`, `accesstoken`, `accesstokenexpiry`) VALUES
(1, 1, 'MTFmYjY3M2EwNmI5OWQ4NmQzNGRkOWQyYzU5MTVhYzQzZjYyNjJhMDk3MTE2YmNjMTY2NTA0MjM5Mg==', '2022-10-07 09:46:32'),
(2, 1, 'MTIyMjdmZTNmNzlkMTAxNGI4YmY5ZmYzY2U1ZDYxY2E3NTBlZjMwZWFmNWNiMTk5MTY2NTA1ODIwMg==', '2022-10-07 14:10:02'),
(3, 1, 'NDVmZDc1MWEwZDdmOTFhYjk4OGZmOGVkYWE1ZTYwYmM4NDkzZDRiMWViZTNkMGY4MTY2NTA1ODI1NA==', '2022-10-07 14:10:54'),
(4, 1, 'OWY0YzFmZjVhZTM3MWZmMTQ1ZTY1Y2ZhOGYxYWI1ODNiOGE3ZWVmZGYwZTU2YmU3MTY2NTA2NzU5OA==', '2022-10-07 16:46:38'),
(5, 1, 'ZTkyZDQ0NTI4Y2VmMTA0ZjkyNmQ5NTgzOWM2MmQxMTZkMTMxODMxMDRlMzk0YzMxMTY2NTA2ODY2MQ==', '2022-10-07 17:04:21'),
(6, 1, 'ZDk1MmUxOWQ1NDE2MmNiNWIzOWUwYzgwZWMyZTY2NjFkZDFiYWE3ZGQ3NzYyYjFkMTY2NTA3OTE4MQ==', '2022-10-07 19:59:41'),
(7, 1, 'ZTQyOWMzYTdkZjYyNmUzODRkNmM0OTI1NDQ1MjQ4YTU1Yzc0ZWM5N2ViOWJlYjU4MTY2NTExNjEzOQ==', '2022-10-08 06:15:39'),
(8, 1, 'MzQwZWJiMjI3MmY2MDIyNzdlYjU1NDI0ODkzNWM1Y2ZmYTNiMmRjNmYzNTU4NjQ4MTY2NTE0MjM4Ng==', '2022-10-08 13:33:06'),
(9, 1, 'YTMyYTdhNDJlMjBmZmNjOWZlNDNiMmU1ZjQwZTg3YTkxODFmYzYwOGMwOTQyOGYxMTY2NTIyNTMwMw==', '2022-10-09 12:35:03'),
(10, 1, 'OGRjMzIxMDYzMGQwZWI5ZjJlNjFjZjk4OWI5ZGMyZDM1MDljZTllZjEwNTBlYzM4MTY2NTQ3MjE4MA==', '2022-10-12 09:09:40'),
(11, 1, 'Yzk3NjdiNmY4MWY0YzA0Mjk1ODgyN2QzMGQ3MjVjMDMzZjVjNWQ0MmNjNGU2NjY0MTY2NTQ3MjU2Nw==', '2022-10-12 09:16:07'),
(12, 1, 'Mjc1ZDU5Y2Q2NzQ0OGZmZTg3OTVjNWIxZTk5NDBhYmVhMjRiMTYwYjFjMjMyMGU5MTY2NTU3NDU2NA==', '2022-10-13 13:36:04'),
(13, 1, 'YTY5MDRkZjU1NjUwMTdkOTUzZjBkZGVkMTY1YTVjMTgwZGQwN2IxNDg5MjczOTJmMTY2NTc1MTgzOA==', '2022-10-15 14:50:38'),
(14, 1, 'NTE0MzcxMzU4MGVjOGYzNGU4ZmRmYTE0MGRkODZmOWI0ZWE1ZjY2NTllNzQxMDQ0MTY2NTgxMzc4OQ==', '2022-10-16 08:03:09'),
(15, 1, 'MzUwZDhkMTZmNjc4OGIxMGMwNmI2NDZjMzgzZjczNzdiZGMyNGM5N2I0YjJkNTY1MTY2NTgxNjg5OA==', '2022-10-16 08:54:58'),
(16, 1, 'Yzg0YmZjMjZiN2M5NjUzYjM3ZTYwMGJkNDM4YWVkMzEzMjBhNTliNGQ1MDg0NTk2MTY2NTk5MjI1MQ==', '2022-10-18 09:37:32'),
(17, 1, 'ZDQ1YzE2ZWQyYWE3OTRhOWU5ZDI2ZTA1ZWY1MjMyNjhmOTE0NDc3ZGUxNzFmOWE0MTY2NjE4MjI0OQ==', '2022-10-20 14:24:10'),
(18, 1, 'YjVkYzY0MjliYzZhNTQ3Nzc2MDZjZGQ1YTIxNjJkZTNlZjliYmE5NGE2NjIxZDNjMTY2ODY3NjIyMg==', '2022-11-18 10:10:22'),
(19, 1, 'OTg1MWVjZDU2M2E1MmM4NTZkMWJjMTUxMjBiMWQzNTZhYTQ4NTMyZTc4ZmJkOGVkMTY2ODc4MDgyNg==', '2022-11-19 15:13:46'),
(20, 1, 'Mjg4YTA0ZjRkZGE5NDU4YzkyMzA5OGVkOWU2OTJjZDVmYmUzODBlYzJhZTc4ZmE4MTY2ODc4MTE5Mw==', '2022-11-19 15:19:53'),
(21, 1, 'MWFmODczOGRmMzkxMDJmNzA3ODk5ZWVkZWE5Y2M2MGQ2NDE4MDdjOTA5ZDVkOTZlMTY2ODc4MzAwNQ==', '2022-11-19 15:50:05'),
(22, 1, 'MzkyZGQxMjdkNGEzMjU0MTQzMTdlNTUzMDIwNDgzZmE3MmFkNjkwMjczZTE4NTZiMTY2ODc4Nzg3Mg==', '2022-11-19 17:11:12'),
(23, 1, 'N2RiZDcyYTBiNzI4ZWY4ZWQxMDVhNmViM2NjMDAzYzZmMDA4Zjk0MmUzZWI4YzM3MTY2ODc5Mzc0Mw==', '2022-11-19 18:49:03'),
(24, 1, 'MmI5YzRiZWUxNGZjY2RiNmViYjIwZTY1YzIwMzRiYzYxZGZlM2VkNTg3YjA0YzkzMTY2ODc5NDk1OA==', '2022-11-19 19:09:18'),
(25, 1, 'NTljZjlkMDc1YjYwMjhiYzNjMDgwMmQ4OTM0ZThiYzM3NmY3MmI0MmFkM2EwZWM2MTY2ODkyMzY1NA==', '2022-11-21 06:54:14'),
(26, 1, 'YTI2ZGMzOTVlYmZiMWFjZGVjNTAwMzhmZGRkZTMwYzFkYzE3NGI5ZWJiOTRjNThjMTY2ODk3MDI3Mw==', '2022-11-21 19:51:13'),
(27, 1, 'ZDRlZTFmMGEyMDRiMzEyNTZhMTY5ZDliNzU2MzBjZWNjNTk4ZmZmYWU5ZThjZjJhMTY2OTEwMTEzNA==', '2022-11-23 08:12:14'),
(28, 1, 'YjI0OTQ3YTQ5Y2FkZmFkMDc2ZmY5OGY0YTFiNzY3NjgyNGI0NjI0MjRlNzQxZTYwMTY2OTExNTg1NA==', '2022-11-23 12:17:34'),
(29, 1, 'NDhiNjU1NjQ4ODEyNDg3Nzk0ZGVjMzQyODkxNTlmNzEzOTE1NGNiODg4ZDg3ODRjMTY2OTM0MjYwNQ==', '2022-11-26 03:16:45'),
(30, 1, 'ODJmNjk3N2EwNTE1YTMwNTc4ZjlmNTkwNGJmYzg3ZGQ3OTM4MjI1ZGY4ODczYzViMTY2OTM5NTQzOQ==', '2022-11-26 17:57:19'),
(31, 1, 'NzRlNjE0ZTE0MjZiN2RhMGI5ODg1MmM4NDY3YmE3YWRmYmRiMmQ1MzJlNDAxNTM2MTY2OTM5NjY0NA==', '2022-11-26 18:17:24'),
(32, 2, 'NmIyZTE3NTU4OTFmMGZhNzk3YmY1YjJjNWMxMmFkZmFmZThlNzY5YWZhNmFlY2VkMTY2OTM5ODQ1NQ==', '2022-11-26 18:47:35'),
(33, 1, 'ZDE4ZjMyOWUwMjY5OWU4MjI5NGE2NTBkYTIxNDBmYjM3NjNjMDU0MTJkYTVjMGQxMTY2OTQ1MDc1Ng==', '2022-11-27 09:19:16'),
(34, 1, 'NWQ3MDc4NWM1YzQwMzYyZmNlZThiNDVlN2M3MGIyM2ZiNmI4ZDIwMzI1ZWNmYjNkMTY2OTQ3MzMwOQ==', '2022-11-27 15:35:09'),
(35, 1, 'ZWFjMGJhZmU2M2IyMDBhMmZjOWJmYjcyNmFkNDEzY2M5ZGI5MTc2ZTY5MjIyYmRkMTY2OTQ3NDI3Mg==', '2022-11-27 15:51:12'),
(36, 1, 'YzIwMWRmNjc4OTFmZGMxM2U2ZGNmMTM3YWM0MjRhZmI0YTUzNGU2YTUxMjhhNGY1MTY2OTYxNzczMA==', '2022-11-29 07:42:10'),
(37, 1, 'ODYxZmZkODk4MDQ4OWFlMmIwMzYwN2JkNGJhNGZlYzM4Yzg3NjViMjk5YWUyMWY1MTY2OTYxODY1Mg==', '2022-11-29 07:57:32'),
(38, 1, 'NTg1NjBiOGEyMmU2OTZlMzRiYzQzOWRhMjQwZDczZmJmNzYyNTFhMDIxMjMxZmZlMTY2OTY0ODYzMQ==', '2022-11-29 16:17:11'),
(39, 1, 'Yjg4NTk4OGQ0ODc2MjMzNDhmYWFkMGI5ZDNlN2IwY2Q0MDk4M2YzOGQzNTJjOTk4MTY2OTY5OTgzNA==', '2022-11-30 06:30:34'),
(40, 1, 'ZmI3YzQxMDhlZjRjN2Y0NDllZjAxYmI4MmYyZWUyMzRlOGM1NWExOGE5ZmE3ZTkyMTY2OTcwNTQyMw==', '2022-11-30 08:03:43'),
(41, 1, 'NmY2MDAxMWUwYjc3NDEzMWEwYTc3ODRlZmZlNWRhOWFjMjdjMmEzNDA3MzZiZTdmMTY2OTcwNTUwNA==', '2022-11-30 08:05:04'),
(42, 2, 'M2YyMzAxNGEzOWRjNzk0ZmU4YmU5OTIwM2U3OGI2ZmU4MDliMWY0MDhkM2Y5ZWQ2MTY2OTc4OTE0MA==', '2022-12-01 07:19:00'),
(43, 1, 'OTQ5NmNjYzgyOGI4MDA5ZTljNTE1ZGYyODlmZmNiMGQ0NzE3NzFkMmEzYTEzZWM5MTY2OTc5MTA1Nw==', '2022-12-01 07:50:57'),
(44, 1, 'NjE2NGNmNWUzZjcxZDg0OGVmMDg4YzA0MDY1YTc4M2M0OTQ3Y2IwNjg1MDJhOTJmMTY2OTc5NDQ0Mw==', '2022-12-01 08:47:23'),
(45, 2, 'ZTEwZjk4ODdkM2FkNmQzMWMwZGU5MDkzMjQxYjI0YmRkNTcyYThmNDUzYTI4MmUwMTY2OTc5NTg4MA==', '2022-12-01 09:11:20'),
(46, 2, 'ZTVlYzVhZjkyM2E3ZmY0MzQ5OGI0MTZjZGU5MzVkZjQwN2I5OGU3MGQ2ZDkzZWM4MTY2OTg3MjkwMw==', '2022-12-02 06:35:03'),
(47, 1, 'OTA4ZDI0M2I2Yjc5MzlhMTkzZDg3MDAxOTBlN2I4YWYyMTA0ZTU0ODdmMjU2MWExMTY2OTg3NDI2OQ==', '2022-12-02 06:57:49'),
(48, 1, 'NzBlOGM0Y2IyYWY1M2FiNjkwNzVhY2U0NmUwYzljYzJiOTZjOTdkYTJhNmE5OWRhMTY2OTg3OTk1MQ==', '2022-12-02 08:32:31'),
(49, 1, 'MmEzNGFiYzJkYWUyZGFkODg2YTgzY2JkNjUwNTU5NmVlY2NiMWNjZTQ5ZGIzYTRmMTY2OTk2NjQ1NQ==', '2022-12-03 08:34:15'),
(50, 1, 'MGNiZjJjNDFlYWE2NGNiNmViNWUyMWZjNTA3NzQzZTAwOWMyODkxZGIzYjA2ZDVjMTY2OTk3NjM1Nw==', '2022-12-03 11:19:17'),
(51, 1, 'NzQxZWVkZjgwMjJkZWVkOWU5MDgwMTMwMjk4ZjEwMmRiZTY0NTlhM2U1ZmFkZDM4MTY2OTk3NjUyMg==', '2022-12-03 11:22:02'),
(52, 1, 'MWE5ZTNmNWVmNWRjNWM5MjI3MTljYWQ4N2JmY2Q3MGJkZDQ4NTY0NzJjMDZjNzI5MTY2OTk5NzY5Mg==', '2022-12-03 17:14:52'),
(53, 1, 'MDZlY2YwNzk4ZThkMGI2NjY2OGMyMjc1NGU4ODRjNDY2ZWNhNTRjMjNhZjhhNWZlMTY3MDAwMzUzMQ==', '2022-12-03 18:52:11'),
(54, 1, 'ZmQ5OTllY2E5ZWQyMGZhOTE2MjlkMjE0OTBhZTYyZDFhZDkwYjRmYTk5MTBlNDliMTY3MDAwMzk3OA==', '2022-12-03 18:59:38'),
(55, 1, 'NTkyZWYyY2E3NTM4MDA1MzM4MzlmY2ZiMDAwYjk2YjVmZDg1MzI1NjZmMjFlZDkxMTY3MDAwMzk5NQ==', '2022-12-03 18:59:55'),
(56, 1, 'ZGZlMGJlOWY5MjVkZjBhYTkyNTUxNWJhZGIxZDVjNTEwZWNjOWM0ZTBkNDY0ZTA1MTY3MDAwNDI3NA==', '2022-12-03 19:04:34'),
(57, 1, 'YTIzNjk3NDZiZTc0NmU4NDVmMzhiZWMxYjY4ZmFjMzA1MTRmNmQ5ZGQ1NGY1ZjE4MTY3MDAzNDE0OA==', '2022-12-04 03:22:28'),
(58, 1, 'M2ZhNzMzY2U1ZmU4NzgyNTRhOWE4NDQ2NjQ1NDZjYTk2ZTM5YzczYmQwN2IyM2M5MTY3MDE0NTQzMg==', '2022-12-05 10:17:12'),
(59, 1, 'ZTIxOGQwZTZkZDc5ODJmNmNkNjU0Njg1YTI2ZWY0Yzg4MjIxN2RmMjg4NWQwYTg2MTY3MDE0NTkwNA==', '2022-12-05 10:25:04'),
(60, 1, 'OTcyZTllMTlkNjA4YWY4OGI4NWE5NTUzZjQxOTI3MDJmNjE1Y2I5YmUyN2M0MGJhMTY3MDE0NjQ5Mg==', '2022-12-05 10:34:52'),
(61, 1, 'NjA5ODRmYjA3MzUwNDk1ODZhODVkNDg5YzdkYTBmMGE4NmQyOThlODBmMDI0MmExMTY3MDIzMzUzNw==', '2022-12-06 10:45:37'),
(62, 1, 'NzhlYzRiMWM4NzBmYzE4NDk1MzA5ZDY3YzJkMTQzY2FlMDJjNGUzYTk4YzljM2VkMTY3MDMyMzczNg==', '2022-12-07 11:48:56'),
(63, 1, 'MWI0YTQ3MTJiMTc5ZjM0ZTFkOTU2MzE1ZDZhMWZmMDQzYzJlZGNiZThmMmJkODgzMTY3MDQ5NDUxNg==', '2022-12-09 11:15:16'),
(64, 1, 'NTNkNDlhZjFhNjcwNTkzMTUyZjk2NjA0MGNhY2E1NmQ4ZGVkZDE1YzJkODc1OTYyMTY3MDYzNjIyNQ==', '2022-12-11 02:37:05'),
(65, 1, 'NDRlODgxOTJmYzM0OGE1ODQ0ZjQ1NjA0N2I5ZTBhN2I0NzMxMDgyYmQyMjU0ZGJkMTY3MDY1Mjk4OQ==', '2022-12-11 07:16:29'),
(66, 1, 'NTZjOTkxMTlkMTAyZDM3MWUzMGYzYjc1YjlhZjU1NWYwNjA0MzE1ZWIxN2IwMTQ3MTY3MDkxMzM3OA==', '2022-12-14 07:36:18'),
(67, 1, 'MjkxMzQ3ZmZlNzljYWYzMTVlMDZmMmI1ZGFmOGQ2NzcwM2Y1YzBmMDg5YWE1MTQ3MTY3MTAwMDY0NA==', '2022-12-15 07:50:44'),
(68, 1, 'YjBmZjQ0NTI0MDJmNDkyOTk3ZTRlYzlmMDRmYTI1OWY5MmU1ZTBmNWI2NGJjYmM0MTY3MTAxOTQ3Mw==', '2022-12-15 13:04:33'),
(69, 1, 'MTc1NWJiZGU5NmExMDM4Zjk2NWY2MzNjZWJkMmM2ZmU2MDE0N2IyYWMxY2Q2ZjZjMTY3MTA5ODc5Mw==', '2022-12-16 11:06:33'),
(70, 1, 'NGE4ZmQ3MzUzMGY5YWI2ZjE5MzNlYzBiODE4YzBmOWM3MGI2ZDg3YjI2NGI1MmVlMTY3MTE4NTQzNg==', '2022-12-17 11:10:36'),
(71, 1, 'YzUzM2Q3MTEwM2NkYTcyOWM0MDU1MmVkYjEzMGQwMjIyOGVjMjBiODkwN2JhYjY5MTY3MTI4MTEwNA==', '2022-12-18 13:45:04'),
(72, 1, 'ZTMyYWYwMTE5MWE5NDhjZTc2MTUzM2YyNTBjZDVmOGU5Mzg1YjY0NmUxMDc2NjNmMTY3MTI4NDQ4Ng==', '2022-12-18 14:41:26'),
(73, 1, 'OTMzMzZmODU0YTQ5ZWYwOTliNjM4MDljYzhmMTYxNTdiNGQxNjRjNTg3NGFlNjk5MTY3MTI4NjE2Ng==', '2022-12-18 15:09:26'),
(74, 1, 'NDZlYzZiMjEzODNkZTg2YjQyMjRmMTEwZjc2NWNjMGNlZWEwM2U1N2NjMzdjZDNkMTY3MTI4OTQxMg==', '2022-12-18 16:03:32'),
(75, 1, 'ODcyMmUwMDJhYjdmMWM3Y2RlZWY3YjRlZjNiNjRmMjk5NjQ4YTgxNzkzNTFhMDRiMTY3MTQyMTYwNg==', '2022-12-20 04:46:46'),
(76, 1, 'YWViZDkyMjBjZjA2ODc2OTJhMGM0NTAyZDZjMzdlZDhmNTc3YWFmZDQ1OWM1YjBiMTY3MTQyOTk3Nw==', '2022-12-20 07:06:17'),
(77, 1, 'MjJmNDRlZTdjMzRkYzFkZWViMjIzMGM0ZTIwYzg5YTkxOWI5MjI5M2I3OTFlYWFhMTY3MTQzNDI5MA==', '2022-12-20 08:18:10'),
(78, 1, 'OTlhNjA1OWI2NzNlOWZlNGQ5MTE2MzZmMjI4YmRiZTRkZDI2YTNkZDM3Mjc2MzJkMTY3MTQ0OTk2MA==', '2022-12-20 12:39:20'),
(79, 1, 'ODZjMzYxNWYxZjM1Y2VkYTY5YWNhYWJjNjRmN2VlNWVjMTIxZjdmZmNiNWI3ODlhMTY3MTUxMzk5Nw==', '2022-12-21 06:26:37'),
(80, 1, 'OWI2NzZlZGRjMDgwN2VjYjY5YzY3ODkzMDNmMjQzYmEwZWExN2UyOGI4ZWUzNTM2MTY3MTUxNTgzMQ==', '2022-12-21 06:57:11'),
(81, 1, 'NjE5NDcyNDAyMmYzYmFjOTE4NWNjYzhiNTFhZTE5YjBlNDM1MjgzYTFlZDYwNzI0MTY3MTUxNjUxMw==', '2022-12-21 07:08:33'),
(82, 1, 'Y2FkOTAzNDdiZmY4YTFmNzY2MjJkZDI3ZDM3YjcyOTk1ZjkxYmMxNTNjMjhlODczMTY3MTUxODcxMw==', '2022-12-21 07:45:13'),
(83, 1, 'YTUxOWFkOTBmMjM1YmY5YTA4ZjgxYjU4Yjg3NmQ1MDRmZGRhMmY4ZTRlNDVkYTBhMTY3MTUyMDc2NQ==', '2022-12-21 08:19:25'),
(84, 1, 'YzgwNzVmYjE4ZDRkMWQyMDFkZTc4NzY0YzEwZjg3YzY4NGMyZjZiNzVhNjYyNGY1MTY3MTYwMTkwMw==', '2022-12-22 06:51:43'),
(85, 1, 'YTA1MWIyMmQ0YWM4NjQxN2QxNjA2ZGEzOGFlNjg4MmI4NzM1MjZiN2ZjYzE5NWM1MTY3MTYwMjc4OA==', '2022-12-22 07:06:28'),
(86, 1, 'ZGJiZDYxZjE4NmIwNDliYzIxM2ZiMTg3NGIzMjRhZWFjNjgxODBhMDE4ZWU4YjlmMTY3MTYwNDM0MQ==', '2022-12-22 07:32:21'),
(87, 1, 'Yzc0NzgyZDE3Y2E2ODYwNTY5NjEyMDA1NTZiMThhMDhiN2NjM2Q5NmY3Mzk1ZWJkMTY3MTYwNDkxOA==', '2022-12-22 07:41:58'),
(88, 1, 'YjQzNjZkMTFmMjgwNjUyNGI0MDE3MTljOWIxYjE2ODhhYjVjY2M1N2FiMGU1YzQyMTY3MTYwNTA1NA==', '2022-12-22 07:44:14'),
(89, 1, 'YzY3ZTExODIyMDM2YmNhMmU5NGZkZWEwZWQ2ZDI3OGZkYzk4ZTdlOTM3ZmMzOGE1MTY3MTYwNTM2Mg==', '2022-12-22 07:49:22'),
(90, 1, 'ZjY5M2E5ZjZkM2Y3OThlNzY5Mjg4YzBmZjdjNzg2MzE4NDdjZDY0NGEwMDg2MjA0MTY3MTYwNjcyMQ==', '2022-12-22 08:12:01'),
(91, 1, 'ZDgyMWUzYmRhNDgzMTZmNTQzMDI3YmFhMTljZjQyOTNkM2UyN2JlMjQzNmYxYTQ5MTY3MTYxMjI5MQ==', '2022-12-22 09:44:51'),
(92, 1, 'MTMwMDNlZjBmOWFlOWI3ZTBkZmE1OGVjYTZhMTY0YjNlZDM5YzcxMTRmYjFhNjU3MTY3MTY0MzY4OQ==', '2022-12-22 18:28:09'),
(93, 2, 'MTI5ODM3YTU3MjFiNzI0OTIxOGViYTczMjMwM2FjYTAyYWRiOWUyYmRlNzBhMDgwMTY3MTY4ODk5NQ==', '2022-12-23 07:03:15'),
(94, 1, 'YWM1N2FiNmRiOGQ4MDU4Yjg1ZjRkNDZhYmEzZjhhNzhlNTRjZjRiZTY1ODMzZWY5MTY3MTY4OTYzMQ==', '2022-12-23 07:13:51'),
(95, 1, 'NGYyMzk1ODRhNjYzNGNmZGYyMzAzODY2YzdiODMzNTQzMzU2ZWNmMjM1Y2Y3MDRhMTY3MTY5MDA4OA==', '2022-12-23 07:21:28'),
(96, 1, 'OGI1ZjlhNTk5MTg2Yzk4NWVmZDU0MTE5NmE1Mjk4MTY2OTJmY2ViOWEyYzU5ZDBkMTY3MTcxOTg2MA==', '2022-12-23 15:37:40'),
(97, 1, 'Nzk4YWY2NTZkODg0NDRlOTY1ZmRmODlhZmI4ZGIyY2U2ZmQ3OGZkYmM3NWI3NThkMTY3MTc3Nzg4NQ==', '2022-12-24 07:44:45'),
(98, 1, 'OWE0YmJmZTY2NDVhNjgyZGZmMmEwN2ZjOGNkYzYwZjAxMGFlNGZjOWM4MTExZTA0MTY3MjA0MTYwMw==', '2022-12-27 09:00:03'),
(99, 1, 'YjY0ZmU4YTFmZjdkNTllOGFjOGUzMWJjZDY5NTdjMWEyY2M3NzA1ZTE5MzM0NjdkMTY3MjExODMzNw==', '2022-12-28 06:18:57'),
(100, 1, 'NmE1MDIwZDdmNTU1OWRmNjUxNTQxOThjMDQ0YjJjZjEyMWJlYzQ1OWI3ZDNkYWFlMTY3MjExODc1MQ==', '2022-12-28 06:25:51'),
(101, 1, 'OGEzNDdhYjZlMmVlNzQwYTY2MTM4MWEyMjliMWJmYTRjOTMxMjU4N2I2NWYwMjFlMTY3MjExODc1NA==', '2022-12-28 06:25:54'),
(102, 1, 'YjVmNTEzZjZiNzk2ZWYzMWY2N2MzMjU3ZjM0N2JkMmU2NDA0MjM2NTFhMzRjODMzMTY3MjExOTczNg==', '2022-12-28 06:42:16'),
(103, 1, 'YWUzNjFiNGU1MjdiZTMxZWM5OTc4OTg3MWE2ODgwNGM2NWZjOTQ5NTcyZDg4M2NkMTY3MjEyMDIwMA==', '2022-12-28 06:50:00'),
(104, 1, 'MmQ3ODJlNGMzZGUyYTAzY2RhMjA5YWYwY2ViYzRmMTBhYmVkY2UwOTA5ZDE1ZDI2MTY3MjEyMTY3NQ==', '2022-12-28 07:14:35'),
(105, 1, 'NzMxMWFjYmUxZTBhZTY4Nzk1ZDRkMzhhNzNlOTFhMDc5NmZhM2E0ZGIwNmU1MGY1MTY3MjEyMzk1OA==', '2022-12-28 07:52:38'),
(106, 1, 'ZGZlMWFmZjIyYzFjODRiZTNiMWYwM2RlMjVlMWE1Nzk1MjQyNTMxZTgxNzNhODIxMTY3MjEzMzQxOA==', '2022-12-28 10:30:18'),
(107, 1, 'MzBiZGE3OTNlZDAyNmY4ZWQ2NTQwMDYwMGM4NDU5YWYyOWE1OGQ5NDI1ZmU2MjhkMTY3MjEzNjg0Ng==', '2022-12-28 11:27:26'),
(108, 1, 'NjdiYTk4ZjlhMzZlODQ2ZjljZTliMTQ3ZjA4ZDhkY2JmOWFkY2RiNGY2ZTJmM2NmMTY3MjEzNzkyNw==', '2022-12-28 11:45:27'),
(109, 1, 'MGMyYTNjN2NjYTk1MDU5ZTY1NWU3YzI4ZWZlMzU0NWRiZTc0Y2QzYzE1NDY3NjAwMTY3MjI5NTI0NQ==', '2022-12-30 07:27:25'),
(110, 1, 'NWQ0YzA3ODVlOGZkZDk3YTNiZjEzYTVlNjQ3MTUyMzM5ZjJmMTkzNjc3YzQzYmI3MTY3MjM4OTU3Ng==', '2022-12-31 09:39:36'),
(111, 1, 'ZDJjY2NkMjllMDcyMjBlNmVjMzU0ZWYxNTliODlhNzZiYzljOTUyYzgwM2E4NmUxMTY3MjQwMDc3Mg==', '2022-12-31 12:46:12'),
(112, 1, 'NDg1OTBiOWZiMjIxYWYzNTRkNWJiNjZhNWE5NjE4ZDRhODg0MTE1Y2RiMjI2NWM0MTY3MjQxNTQyMA==', '2022-12-31 16:50:20'),
(113, 1, 'NTBjZTM3YzFjZjVhNmYwNTQ5NzViYzJkYjdmOTVjODUxNjUwOWM4MjkxZTQxZDE1MTY3MjQxNTU2OQ==', '2022-12-31 16:52:49'),
(114, 1, 'ZTc2MjgzYjhiNGU1NTAxNTNiZmVkY2Y5Y2YwMDU1ODc2YTZjOTViYTI3OTViYzkyMTY3MjQ1ODE3NA==', '2023-01-01 04:42:54'),
(115, 1, 'MmExNDNhYmIzZmFkZTc3YWMzMTg4ODgwOWIwYzE4NGE2YjU3MTNjODFiMjE0ZmVkMTY3MjQ2MDA2Mw==', '2023-01-01 05:14:23'),
(116, 1, 'YTg3ODkxY2MyMmQ2YzllYTIyMDY5NjFiMTZmYjdiZTUxNzNhNzcwMDM2Yzk4ZmExMTY3MjQ2MDE1Nw==', '2023-01-01 05:15:57'),
(117, 1, 'NDViYWY0NWU1M2NiNjI4NGEzZGI0NzY5OTA5YjUxNjA2NDYxNWMwYWIwNGE0MDEzMTY3MjYyNzI2Ng==', '2023-01-03 03:41:06'),
(118, 1, 'OWYxM2U2N2Y3ODNkYzFjY2NlOTRhY2Y4YjIxNzg4M2NhMTg0ODQ5MmVmMzg3NTIyMTY3MjYzNzA5NQ==', '2023-01-03 06:24:55'),
(119, 1, 'NDc5YjMwMDA0NzdjOTczZTQ3Njc5ZTEzMzhjNWMxNWE2NGEyYWEzZDY0MmM3Mjg2MTY3MjYzNzMyNQ==', '2023-01-03 06:28:45'),
(120, 1, 'MTZlOTIwYjFhYzFhYjRlZGU1MDAzNTZiODMzY2QyMTQ4M2I1OGE3YTEzOGEwMDU5MTY3MjcxNDIzMA==', '2023-01-04 03:50:30');

-- --------------------------------------------------------

--
-- Table structure for table `tblusers`
--

CREATE TABLE `tblusers` (
  `id` bigint(20) NOT NULL COMMENT 'User ID',
  `fullname` varchar(255) NOT NULL COMMENT 'User Full Name',
  `email` varchar(255) NOT NULL COMMENT 'Username',
  `password` varchar(255) CHARACTER SET utf8 COLLATE utf8_bin NOT NULL COMMENT 'Password',
  `is_admin` varchar(4) NOT NULL DEFAULT 'NO' COMMENT 'IS ADMIN'
) ENGINE=InnoDB DEFAULT CHARSET=utf8 COLLATE=utf8_general_ci;

--
-- Dumping data for table `tblusers`
--

INSERT INTO `tblusers` (`id`, `fullname`, `email`, `password`, `is_admin`) VALUES
(1, 'Ashwith Ks', 'ashwithks@gmail.com', '$2y$10$/eGJ8h06yYZYli3RuKpZRe2gF5DUVsu5URaj6cHkGWoJQXZ9.xnz6', 'YES'),
(2, 'Ashwith', 'ashwith@gmail.com', '$2y$10$/eGJ8h06yYZYli3RuKpZRe2gF5DUVsu5URaj6cHkGWoJQXZ9.xnz6', 'NO');

--
-- Indexes for dumped tables
--

--
-- Indexes for table `suppliers`
--
ALTER TABLE `suppliers`
  ADD PRIMARY KEY (`id`);

--
-- Indexes for table `supply`
--
ALTER TABLE `supply`
  ADD PRIMARY KEY (`id`);

--
-- Indexes for table `tblsessions`
--
ALTER TABLE `tblsessions`
  ADD PRIMARY KEY (`id`),
  ADD UNIQUE KEY `accesstoken` (`accesstoken`),
  ADD KEY `sessionuserid_fk` (`userid`);

--
-- Indexes for table `tblusers`
--
ALTER TABLE `tblusers`
  ADD PRIMARY KEY (`id`),
  ADD UNIQUE KEY `username` (`email`);

--
-- AUTO_INCREMENT for dumped tables
--

--
-- AUTO_INCREMENT for table `suppliers`
--
ALTER TABLE `suppliers`
  MODIFY `id` bigint(20) NOT NULL AUTO_INCREMENT, AUTO_INCREMENT=688;

--
-- AUTO_INCREMENT for table `supply`
--
ALTER TABLE `supply`
  MODIFY `id` bigint(20) NOT NULL AUTO_INCREMENT COMMENT 'Supply Id', AUTO_INCREMENT=1175;

--
-- AUTO_INCREMENT for table `tblsessions`
--
ALTER TABLE `tblsessions`
  MODIFY `id` bigint(20) NOT NULL AUTO_INCREMENT COMMENT 'Session ID', AUTO_INCREMENT=121;

--
-- AUTO_INCREMENT for table `tblusers`
--
ALTER TABLE `tblusers`
  MODIFY `id` bigint(20) NOT NULL AUTO_INCREMENT COMMENT 'User ID', AUTO_INCREMENT=3;

--
-- Constraints for dumped tables
--

--
-- Constraints for table `tblsessions`
--
ALTER TABLE `tblsessions`
  ADD CONSTRAINT `sessionuserid_fk` FOREIGN KEY (`userid`) REFERENCES `tblusers` (`id`);
COMMIT;

/*!40101 SET CHARACTER_SET_CLIENT=@OLD_CHARACTER_SET_CLIENT */;
/*!40101 SET CHARACTER_SET_RESULTS=@OLD_CHARACTER_SET_RESULTS */;
/*!40101 SET COLLATION_CONNECTION=@OLD_COLLATION_CONNECTION */;
